prefecture,year,crime_count,tri,population,tri_z,log_pop,t,tri_x_t
三重,2006,28103,34.85373994116153,1824637.0,0.09849758707071035,14.416891621105094,0,0.0
京,2006,54932,31.26978706868641,2555068.0,-0.17237715329049316,14.753589395747191,0,-0.0
佐賀,2006,9660,27.415622237567113,828781.0,-0.46367448199050065,13.627711225514156,0,-0.0
兵庫,2006,113320,33.43276950065225,5570618.0,-0.008899193196680871,15.533016557274834,0,-0.0
千葉,2006,115700,7.7578900082776,6311190.0,-1.9494035926028013,15.657834806277036,0,-0.0
和歌山,2006,16026,46.4366610498149,964598.0,0.9739334143738684,13.779466713216559,0,0.0
埼玉,2006,136651,12.19376327999905,7377288.0,-1.614140807765194,15.813916649364657,0,-0.0
大分,2006,11823,39.00662127000445,1160218.0,0.4123718738506981,13.964118476460206,0,0.0
大阪,2006,232451,17.783744614549438,10725709.0,-1.1916506700601754,16.188154127819477,0,-0.0
奈良,2006,18895,35.50260287463157,1362781.0,0.14753857195183245,14.125038022787404,0,0.0
宮城,2006,31698,20.37070067118007,2303098.0,-0.9961288328319627,14.64976573108895,0,-0.0
宮崎,2006,11352,50.01463976760754,1103755.0,1.244356628820509,13.914228560901371,0,0.0
富山,2006,11364,43.294721943217034,1063293.0,0.7364660229171697,13.876881254339034,0,0.0
山口,2006,16328,38.18173809978662,1383079.0,0.35002729999284743,14.139822731213604,0,0.0
山形,2006,9214,38.47504315257469,1095383.0,0.37219526169534867,13.906614631766379,0,0.0
山梨,2006,9547,61.35151765963628,832769.0,2.1011965384896256,13.632511571766825,0,0.0
岐阜,2006,32864,34.803978168759436,2044114.0,0.09473659811272184,14.530475001744605,0,0.0
岡山,2006,31632,34.5186564779249,1911722.0,0.07317201797613941,14.463514964532704,0,0.0
岩手,2006,10090,37.59918131481275,1250142.0,0.3059977260865155,14.038767702826492,0,0.0
島根,2006,6782,42.33789124458688,686126.0,0.6641488702415322,13.438816563311503,0,0.0
広島,2006,35022,41.40092484685926,2838632.0,0.593333059112754,14.85883280394658,0,0.0
徳島,2006,9111,47.73623829676473,750519.0,1.072155311221455,13.528520246190894,0,0.0
愛媛,2006,19001,57.21635612050778,1381761.0,1.7886615113508608,14.138869330582946,0,0.0
愛知,2006,157382,10.883867203704943,15130618.0,-1.7131426005318728,16.532230930931686,0,-0.0
新潟,2006,26126,38.591502737018445,2259309.0,0.3809972635132434,14.630569572284342,0,0.0
東京,2006,244611,16.955522243991485,27481464.0,-1.2542476202905202,17.129022299008525,0,-0.0
栃木,2006,33059,18.515072814739696,1976121.0,-1.136376969932374,14.49664639023299,0,-0.0
沖縄,2006,17423,17.74619335350651,1475800.0,-1.1944887899928782,14.204710773606402,0,-0.0
滋賀,2006,17969,21.63035830865412,1420080.0,-0.9009240554155826,14.166223766018685,0,-0.0
熊本,2006,20054,35.4484955253761,1780079.0,0.14344914480178017,14.392168303305887,0,0.0
石川,2006,12524,23.969825602776154,1145948.0,-0.7241073900108305,13.951742800009185,0,-0.0
神奈川,2006,122703,25.07439573979091,14462286.0,-0.6406241078023847,16.48705485348609,0,-0.0
福井,2006,7422,50.37581488422377,786503.0,1.2716542020363042,13.575351815840646,0,0.0
福岡,2006,102101,23.005781585190512,4546317.0,-0.7969697244923494,15.329828012595692,0,-0.0
福島,2006,22395,31.14665666094769,1901053.0,-0.18168333515547966,14.457918501145048,0,-0.0
秋田,2006,7571,31.544540536562607,1000223.0,-0.15161131821328477,13.81573353310347,0,-0.0
群馬,2006,32060,35.37874920856942,1981202.0,0.13817772630706265,14.49921428918491,0,0.0
茨城,2006,47183,8.279642799800818,2936184.0,-1.909969577434242,14.892621337052569,0,-0.0
長崎,2006,11148,37.30671146027262,1365391.0,0.28389288857024414,14.126951392469568,0,0.0
長野,2006,22902,56.24581769386356,2101891.0,1.7153083301896734,14.558347973698664,0,0.0
青森,2006,13018,25.077956956509244,1292709.0,-0.6403549514579032,14.072250574420002,0,-0.0
静岡,2006,50221,36.26075695912359,3624152.0,0.20483976928837402,15.103130887870297,0,0.0
香川,2006,14640,31.986803916123705,987336.0,-0.11818510353564957,13.80276568601591,0,-0.0
高知,2006,10952,63.17883649415797,717480.0,2.239305083013082,13.48350035166295,0,0.0
鳥取,2006,6838,37.65155750378689,566052.0,0.3099563123442864,13.246441225756794,0,0.0
鹿児島,2006,13565,34.11404146783006,1643437.0,0.04259126267452362,14.312300338525404,0,0.0
三重,2007,25964,34.85373994116153,1824637.0,0.09849758707071035,14.416891621105094,1,0.09849758707071035
京,2007,52960,31.26978706868641,2555068.0,-0.17237715329049316,14.753589395747191,1,-0.17237715329049316
佐賀,2007,10112,27.415622237567113,828781.0,-0.46367448199050065,13.627711225514156,1,-0.46367448199050065
兵庫,2007,107378,33.43276950065225,5570618.0,-0.008899193196680871,15.533016557274834,1,-0.008899193196680871
千葉,2007,105185,7.7578900082776,6311190.0,-1.9494035926028013,15.657834806277036,1,-1.9494035926028013
和歌山,2007,15147,46.4366610498149,964598.0,0.9739334143738684,13.779466713216559,1,0.9739334143738684
埼玉,2007,126453,12.19376327999905,7377288.0,-1.614140807765194,15.813916649364657,1,-1.614140807765194
大分,2007,11567,39.00662127000445,1160218.0,0.4123718738506981,13.964118476460206,1,0.4123718738506981
大阪,2007,216303,17.783744614549438,10725709.0,-1.1916506700601754,16.188154127819477,1,-1.1916506700601754
奈良,2007,18299,35.50260287463157,1362781.0,0.14753857195183245,14.125038022787404,1,0.14753857195183245
宮城,2007,29216,20.37070067118007,2303098.0,-0.9961288328319627,14.64976573108895,1,-0.9961288328319627
宮崎,2007,11498,50.01463976760754,1103755.0,1.244356628820509,13.914228560901371,1,1.244356628820509
富山,2007,10648,43.294721943217034,1063293.0,0.7364660229171697,13.876881254339034,1,0.7364660229171697
山口,2007,15196,38.18173809978662,1383079.0,0.35002729999284743,14.139822731213604,1,0.35002729999284743
山形,2007,8708,38.47504315257469,1095383.0,0.37219526169534867,13.906614631766379,1,0.37219526169534867
山梨,2007,8435,61.35151765963628,832769.0,2.1011965384896256,13.632511571766825,1,2.1011965384896256
岐阜,2007,31252,34.803978168759436,2044114.0,0.09473659811272184,14.530475001744605,1,0.09473659811272184
岡山,2007,29257,34.5186564779249,1911722.0,0.07317201797613941,14.463514964532704,1,0.07317201797613941
岩手,2007,9102,37.59918131481275,1250142.0,0.3059977260865155,14.038767702826492,1,0.3059977260865155
島根,2007,6001,42.33789124458688,686126.0,0.6641488702415322,13.438816563311503,1,0.6641488702415322
広島,2007,32696,41.40092484685926,2838632.0,0.593333059112754,14.85883280394658,1,0.593333059112754
徳島,2007,8518,47.73623829676473,750519.0,1.072155311221455,13.528520246190894,1,1.072155311221455
愛媛,2007,18626,57.21635612050778,1381761.0,1.7886615113508608,14.138869330582946,1,1.7886615113508608
愛知,2007,143948,10.883867203704943,15130618.0,-1.7131426005318728,16.532230930931686,1,-1.7131426005318728
新潟,2007,25024,38.591502737018445,2259309.0,0.3809972635132434,14.630569572284342,1,0.3809972635132434
東京,2007,228805,16.955522243991485,27481464.0,-1.2542476202905202,17.129022299008525,1,-1.2542476202905202
栃木,2007,30358,18.515072814739696,1976121.0,-1.136376969932374,14.49664639023299,1,-1.136376969932374
沖縄,2007,15717,17.74619335350651,1475800.0,-1.1944887899928782,14.204710773606402,1,-1.1944887899928782
滋賀,2007,16553,21.63035830865412,1420080.0,-0.9009240554155826,14.166223766018685,1,-0.9009240554155826
熊本,2007,19553,35.4484955253761,1780079.0,0.14344914480178017,14.392168303305887,1,0.14344914480178017
石川,2007,10669,23.969825602776154,1145948.0,-0.7241073900108305,13.951742800009185,1,-0.7241073900108305
神奈川,2007,112529,25.07439573979091,14462286.0,-0.6406241078023847,16.48705485348609,1,-0.6406241078023847
福井,2007,7193,50.37581488422377,786503.0,1.2716542020363042,13.575351815840646,1,1.2716542020363042
福岡,2007,95207,23.005781585190512,4546317.0,-0.7969697244923494,15.329828012595692,1,-0.7969697244923494
福島,2007,19855,31.14665666094769,1901053.0,-0.18168333515547966,14.457918501145048,1,-0.18168333515547966
秋田,2007,6699,31.544540536562607,1000223.0,-0.15161131821328477,13.81573353310347,1,-0.15161131821328477
群馬,2007,27769,35.37874920856942,1981202.0,0.13817772630706265,14.49921428918491,1,0.13817772630706265
茨城,2007,46087,8.279642799800818,2936184.0,-1.909969577434242,14.892621337052569,1,-1.909969577434242
長崎,2007,10730,37.30671146027262,1365391.0,0.28389288857024414,14.126951392469568,1,0.28389288857024414
長野,2007,21422,56.24581769386356,2101891.0,1.7153083301896734,14.558347973698664,1,1.7153083301896734
青森,2007,11784,25.077956956509244,1292709.0,-0.6403549514579032,14.072250574420002,1,-0.6403549514579032
静岡,2007,45472,36.26075695912359,3624152.0,0.20483976928837402,15.103130887870297,1,0.20483976928837402
香川,2007,13010,31.986803916123705,987336.0,-0.11818510353564957,13.80276568601591,1,-0.11818510353564957
高知,2007,11165,63.17883649415797,717480.0,2.239305083013082,13.48350035166295,1,2.239305083013082
鳥取,2007,6261,37.65155750378689,566052.0,0.3099563123442864,13.246441225756794,1,0.3099563123442864
鹿児島,2007,13625,34.11404146783006,1643437.0,0.04259126267452362,14.312300338525404,1,0.04259126267452362
三重,2008,25348,34.85373994116153,1824637.0,0.09849758707071035,14.416891621105094,2,0.1969951741414207
京,2008,50259,31.26978706868641,2555068.0,-0.17237715329049316,14.753589395747191,2,-0.3447543065809863
佐賀,2008,8683,27.415622237567113,828781.0,-0.46367448199050065,13.627711225514156,2,-0.9273489639810013
兵庫,2008,97527,33.43276950065225,5570618.0,-0.008899193196680871,15.533016557274834,2,-0.017798386393361742
千葉,2008,100827,7.7578900082776,6311190.0,-1.9494035926028013,15.657834806277036,2,-3.8988071852056025
和歌山,2008,14302,46.4366610498149,964598.0,0.9739334143738684,13.779466713216559,2,1.9478668287477368
埼玉,2008,122108,12.19376327999905,7377288.0,-1.614140807765194,15.813916649364657,2,-3.228281615530388
大分,2008,9840,39.00662127000445,1160218.0,0.4123718738506981,13.964118476460206,2,0.8247437477013962
大阪,2008,210293,17.783744614549438,10725709.0,-1.1916506700601754,16.188154127819477,2,-2.383301340120351
奈良,2008,18835,35.50260287463157,1362781.0,0.14753857195183245,14.125038022787404,2,0.2950771439036649
宮城,2008,28583,20.37070067118007,2303098.0,-0.9961288328319627,14.64976573108895,2,-1.9922576656639255
宮崎,2008,11105,50.01463976760754,1103755.0,1.244356628820509,13.914228560901371,2,2.488713257641018
富山,2008,10112,43.294721943217034,1063293.0,0.7364660229171697,13.876881254339034,2,1.4729320458343393
山口,2008,14000,38.18173809978662,1383079.0,0.35002729999284743,14.139822731213604,2,0.7000545999856949
山形,2008,7924,38.47504315257469,1095383.0,0.37219526169534867,13.906614631766379,2,0.7443905233906973
山梨,2008,7890,61.35151765963628,832769.0,2.1011965384896256,13.632511571766825,2,4.202393076979251
岐阜,2008,29799,34.803978168759436,2044114.0,0.09473659811272184,14.530475001744605,2,0.18947319622544367
岡山,2008,27357,34.5186564779249,1911722.0,0.07317201797613941,14.463514964532704,2,0.14634403595227882
岩手,2008,9111,37.59918131481275,1250142.0,0.3059977260865155,14.038767702826492,2,0.611995452173031
島根,2008,5802,42.33789124458688,686126.0,0.6641488702415322,13.438816563311503,2,1.3282977404830645
広島,2008,30129,41.40092484685926,2838632.0,0.593333059112754,14.85883280394658,2,1.186666118225508
徳島,2008,8451,47.73623829676473,750519.0,1.072155311221455,13.528520246190894,2,2.14431062244291
愛媛,2008,17829,57.21635612050778,1381761.0,1.7886615113508608,14.138869330582946,2,3.5773230227017216
愛知,2008,144694,10.883867203704943,15130618.0,-1.7131426005318728,16.532230930931686,2,-3.4262852010637457
新潟,2008,23435,38.591502737018445,2259309.0,0.3809972635132434,14.630569572284342,2,0.7619945270264868
東京,2008,212152,16.955522243991485,27481464.0,-1.2542476202905202,17.129022299008525,2,-2.5084952405810403
栃木,2008,28550,18.515072814739696,1976121.0,-1.136376969932374,14.49664639023299,2,-2.272753939864748
沖縄,2008,15353,17.74619335350651,1475800.0,-1.1944887899928782,14.204710773606402,2,-2.3889775799857564
滋賀,2008,15455,21.63035830865412,1420080.0,-0.9009240554155826,14.166223766018685,2,-1.8018481108311653
熊本,2008,17429,35.4484955253761,1780079.0,0.14344914480178017,14.392168303305887,2,0.28689828960356034
石川,2008,9689,23.969825602776154,1145948.0,-0.7241073900108305,13.951742800009185,2,-1.448214780021661
神奈川,2008,113556,25.07439573979091,14462286.0,-0.6406241078023847,16.48705485348609,2,-1.2812482156047693
福井,2008,6740,50.37581488422377,786503.0,1.2716542020363042,13.575351815840646,2,2.5433084040726084
福岡,2008,90356,23.005781585190512,4546317.0,-0.7969697244923494,15.329828012595692,2,-1.5939394489846987
福島,2008,19582,31.14665666094769,1901053.0,-0.18168333515547966,14.457918501145048,2,-0.3633666703109593
秋田,2008,6134,31.544540536562607,1000223.0,-0.15161131821328477,13.81573353310347,2,-0.30322263642656955
群馬,2008,26730,35.37874920856942,1981202.0,0.13817772630706265,14.49921428918491,2,0.2763554526141253
茨城,2008,43885,8.279642799800818,2936184.0,-1.909969577434242,14.892621337052569,2,-3.819939154868484
長崎,2008,10323,37.30671146027262,1365391.0,0.28389288857024414,14.126951392469568,2,0.5677857771404883
長野,2008,21105,56.24581769386356,2101891.0,1.7153083301896734,14.558347973698664,2,3.430616660379347
青森,2008,11015,25.077956956509244,1292709.0,-0.6403549514579032,14.072250574420002,2,-1.2807099029158064
静岡,2008,42946,36.26075695912359,3624152.0,0.20483976928837402,15.103130887870297,2,0.40967953857674805
香川,2008,11425,31.986803916123705,987336.0,-0.11818510353564957,13.80276568601591,2,-0.23637020707129913
高知,2008,10439,63.17883649415797,717480.0,2.239305083013082,13.48350035166295,2,4.478610166026164
鳥取,2008,6005,37.65155750378689,566052.0,0.3099563123442864,13.246441225756794,2,0.6199126246885728
鹿児島,2008,13655,34.11404146783006,1643437.0,0.04259126267452362,14.312300338525404,2,0.08518252534904724
三重,2009,25540,34.85373994116153,1824637.0,0.09849758707071035,14.416891621105094,3,0.2954927612121311
京,2009,44538,31.26978706868641,2555068.0,-0.17237715329049316,14.753589395747191,3,-0.5171314598714795
佐賀,2009,8271,27.415622237567113,828781.0,-0.46367448199050065,13.627711225514156,3,-1.391023445971502
兵庫,2009,90670,33.43276950065225,5570618.0,-0.008899193196680871,15.533016557274834,3,-0.02669757959004261
千葉,2009,96400,7.7578900082776,6311190.0,-1.9494035926028013,15.657834806277036,3,-5.848210777808404
和歌山,2009,13962,46.4366610498149,964598.0,0.9739334143738684,13.779466713216559,3,2.9218002431216052
埼玉,2009,113632,12.19376327999905,7377288.0,-1.614140807765194,15.813916649364657,3,-4.842422423295582
大分,2009,9495,39.00662127000445,1160218.0,0.4123718738506981,13.964118476460206,3,1.2371156215520944
大阪,2009,193325,17.783744614549438,10725709.0,-1.1916506700601754,16.188154127819477,3,-3.5749520101805263
奈良,2009,15478,35.50260287463157,1362781.0,0.14753857195183245,14.125038022787404,3,0.44261571585549736
宮城,2009,25859,20.37070067118007,2303098.0,-0.9961288328319627,14.64976573108895,3,-2.9883864984958883
宮崎,2009,9602,50.01463976760754,1103755.0,1.244356628820509,13.914228560901371,3,3.733069886461527
富山,2009,8740,43.294721943217034,1063293.0,0.7364660229171697,13.876881254339034,3,2.209398068751509
山口,2009,13025,38.18173809978662,1383079.0,0.35002729999284743,14.139822731213604,3,1.0500818999785424
山形,2009,8003,38.47504315257469,1095383.0,0.37219526169534867,13.906614631766379,3,1.1165857850860461
山梨,2009,8134,61.35151765963628,832769.0,2.1011965384896256,13.632511571766825,3,6.303589615468876
岐阜,2009,27928,34.803978168759436,2044114.0,0.09473659811272184,14.530475001744605,3,0.2842097943381655
岡山,2009,25862,34.5186564779249,1911722.0,0.07317201797613941,14.463514964532704,3,0.21951605392841822
岩手,2009,8240,37.59918131481275,1250142.0,0.3059977260865155,14.038767702826492,3,0.9179931782595465
島根,2009,5157,42.33789124458688,686126.0,0.6641488702415322,13.438816563311503,3,1.9924466107245968
広島,2009,28853,41.40092484685926,2838632.0,0.593333059112754,14.85883280394658,3,1.779999177338262
徳島,2009,7389,47.73623829676473,750519.0,1.072155311221455,13.528520246190894,3,3.216465933664365
愛媛,2009,16827,57.21635612050778,1381761.0,1.7886615113508608,14.138869330582946,3,5.365984534052583
愛知,2009,145807,10.883867203704943,15130618.0,-1.7131426005318728,16.532230930931686,3,-5.139427801595619
新潟,2009,22189,38.591502737018445,2259309.0,0.3809972635132434,14.630569572284342,3,1.1429917905397302
東京,2009,205708,16.955522243991485,27481464.0,-1.2542476202905202,17.129022299008525,3,-3.7627428608715605
栃木,2009,25990,18.515072814739696,1976121.0,-1.136376969932374,14.49664639023299,3,-3.4091309097971223
沖縄,2009,13738,17.74619335350651,1475800.0,-1.1944887899928782,14.204710773606402,3,-3.583466369978635
滋賀,2009,15258,21.63035830865412,1420080.0,-0.9009240554155826,14.166223766018685,3,-2.702772166246748
熊本,2009,17015,35.4484955253761,1780079.0,0.14344914480178017,14.392168303305887,3,0.4303474344053405
石川,2009,8812,23.969825602776154,1145948.0,-0.7241073900108305,13.951742800009185,3,-2.1723221700324915
神奈川,2009,98216,25.07439573979091,14462286.0,-0.6406241078023847,16.48705485348609,3,-1.921872323407154
福井,2009,6369,50.37581488422377,786503.0,1.2716542020363042,13.575351815840646,3,3.814962606108913
福岡,2009,86057,23.005781585190512,4546317.0,-0.7969697244923494,15.329828012595692,3,-2.390909173477048
福島,2009,19527,31.14665666094769,1901053.0,-0.18168333515547966,14.457918501145048,3,-0.545050005466439
秋田,2009,5740,31.544540536562607,1000223.0,-0.15161131821328477,13.81573353310347,3,-0.4548339546398543
群馬,2009,24110,35.37874920856942,1981202.0,0.13817772630706265,14.49921428918491,3,0.41453317892118796
茨城,2009,42491,8.279642799800818,2936184.0,-1.909969577434242,14.892621337052569,3,-5.729908732302726
長崎,2009,9199,37.30671146027262,1365391.0,0.28389288857024414,14.126951392469568,3,0.8516786657107325
長野,2009,20164,56.24581769386356,2101891.0,1.7153083301896734,14.558347973698664,3,5.1459249905690205
青森,2009,9987,25.077956956509244,1292709.0,-0.6403549514579032,14.072250574420002,3,-1.9210648543737097
静岡,2009,41069,36.26075695912359,3624152.0,0.20483976928837402,15.103130887870297,3,0.6145193078651221
香川,2009,10884,31.986803916123705,987336.0,-0.11818510353564957,13.80276568601591,3,-0.35455531060694867
高知,2009,9751,63.17883649415797,717480.0,2.239305083013082,13.48350035166295,3,6.717915249039246
鳥取,2009,5845,37.65155750378689,566052.0,0.3099563123442864,13.246441225756794,3,0.9298689370328592
鹿児島,2009,12837,34.11404146783006,1643437.0,0.04259126267452362,14.312300338525404,3,0.12777378802357087
三重,2010,23425,34.85373994116153,1824637.0,0.09849758707071035,14.416891621105094,4,0.3939903482828414
京,2010,42258,31.26978706868641,2555068.0,-0.17237715329049316,14.753589395747191,4,-0.6895086131619726
佐賀,2010,8138,27.415622237567113,828781.0,-0.46367448199050065,13.627711225514156,4,-1.8546979279620026
兵庫,2010,80860,33.43276950065225,5570618.0,-0.008899193196680871,15.533016557274834,4,-0.035596772786723484
千葉,2010,92325,7.7578900082776,6311190.0,-1.9494035926028013,15.657834806277036,4,-7.797614370411205
和歌山,2010,12125,46.4366610498149,964598.0,0.9739334143738684,13.779466713216559,4,3.8957336574954735
埼玉,2010,106228,12.19376327999905,7377288.0,-1.614140807765194,15.813916649364657,4,-6.456563231060776
大分,2010,8691,39.00662127000445,1160218.0,0.4123718738506981,13.964118476460206,4,1.6494874954027925
大阪,2010,182259,17.783744614549438,10725709.0,-1.1916506700601754,16.188154127819477,4,-4.766602680240702
奈良,2010,14444,35.50260287463157,1362781.0,0.14753857195183245,14.125038022787404,4,0.5901542878073298
宮城,2010,24614,20.37070067118007,2303098.0,-0.9961288328319627,14.64976573108895,4,-3.984515331327851
宮崎,2010,8750,50.01463976760754,1103755.0,1.244356628820509,13.914228560901371,4,4.977426515282036
富山,2010,7679,43.294721943217034,1063293.0,0.7364660229171697,13.876881254339034,4,2.9458640916686787
山口,2010,12360,38.18173809978662,1383079.0,0.35002729999284743,14.139822731213604,4,1.4001091999713897
山形,2010,7179,38.47504315257469,1095383.0,0.37219526169534867,13.906614631766379,4,1.4887810467813947
山梨,2010,7919,61.35151765963628,832769.0,2.1011965384896256,13.632511571766825,4,8.404786153958502
岐阜,2010,25017,34.803978168759436,2044114.0,0.09473659811272184,14.530475001744605,4,0.37894639245088735
岡山,2010,24097,34.5186564779249,1911722.0,0.07317201797613941,14.463514964532704,4,0.29268807190455765
岩手,2010,7400,37.59918131481275,1250142.0,0.3059977260865155,14.038767702826492,4,1.223990904346062
島根,2010,5116,42.33789124458688,686126.0,0.6641488702415322,13.438816563311503,4,2.656595480966129
広島,2010,28335,41.40092484685926,2838632.0,0.593333059112754,14.85883280394658,4,2.373332236451016
徳島,2010,7108,47.73623829676473,750519.0,1.072155311221455,13.528520246190894,4,4.28862124488582
愛媛,2010,16672,57.21635612050778,1381761.0,1.7886615113508608,14.138869330582946,4,7.154646045403443
愛知,2010,128173,10.883867203704943,15130618.0,-1.7131426005318728,16.532230930931686,4,-6.852570402127491
新潟,2010,21227,38.591502737018445,2259309.0,0.3809972635132434,14.630569572284342,4,1.5239890540529737
東京,2010,195970,16.955522243991485,27481464.0,-1.2542476202905202,17.129022299008525,4,-5.016990481162081
栃木,2010,23500,18.515072814739696,1976121.0,-1.136376969932374,14.49664639023299,4,-4.545507879729496
沖縄,2010,12887,17.74619335350651,1475800.0,-1.1944887899928782,14.204710773606402,4,-4.777955159971513
滋賀,2010,15501,21.63035830865412,1420080.0,-0.9009240554155826,14.166223766018685,4,-3.6036962216623305
熊本,2010,15309,35.4484955253761,1780079.0,0.14344914480178017,14.392168303305887,4,0.5737965792071207
石川,2010,8293,23.969825602776154,1145948.0,-0.7241073900108305,13.951742800009185,4,-2.896429560043322
神奈川,2010,93369,25.07439573979091,14462286.0,-0.6406241078023847,16.48705485348609,4,-2.5624964312095386
福井,2010,6058,50.37581488422377,786503.0,1.2716542020363042,13.575351815840646,4,5.086616808145217
福岡,2010,78809,23.005781585190512,4546317.0,-0.7969697244923494,15.329828012595692,4,-3.1878788979693975
福島,2010,19427,31.14665666094769,1901053.0,-0.18168333515547966,14.457918501145048,4,-0.7267333406219186
秋田,2010,5407,31.544540536562607,1000223.0,-0.15161131821328477,13.81573353310347,4,-0.6064452728531391
群馬,2010,22211,35.37874920856942,1981202.0,0.13817772630706265,14.49921428918491,4,0.5527109052282506
茨城,2010,41312,8.279642799800818,2936184.0,-1.909969577434242,14.892621337052569,4,-7.639878309736968
長崎,2010,8950,37.30671146027262,1365391.0,0.28389288857024414,14.126951392469568,4,1.1355715542809766
長野,2010,18295,56.24581769386356,2101891.0,1.7153083301896734,14.558347973698664,4,6.861233320758694
青森,2010,9943,25.077956956509244,1292709.0,-0.6403549514579032,14.072250574420002,4,-2.561419805831613
静岡,2010,39451,36.26075695912359,3624152.0,0.20483976928837402,15.103130887870297,4,0.8193590771534961
香川,2010,10432,31.986803916123705,987336.0,-0.11818510353564957,13.80276568601591,4,-0.47274041414259826
高知,2010,8689,63.17883649415797,717480.0,2.239305083013082,13.48350035166295,4,8.957220332052328
鳥取,2010,5189,37.65155750378689,566052.0,0.3099563123442864,13.246441225756794,4,1.2398252493771456
鹿児島,2010,11392,34.11404146783006,1643437.0,0.04259126267452362,14.312300338525404,4,0.1703650506980945
三重,2011,22215,34.85373994116153,1824637.0,0.09849758707071035,14.416891621105094,5,0.49248793535355173
京,2011,37810,31.26978706868641,2555068.0,-0.17237715329049316,14.753589395747191,5,-0.8618857664524658
佐賀,2011,8150,27.415622237567113,828781.0,-0.46367448199050065,13.627711225514156,5,-2.318372409952503
兵庫,2011,76532,33.43276950065225,5570618.0,-0.008899193196680871,15.533016557274834,5,-0.044495965983404356
千葉,2011,83010,7.7578900082776,6311190.0,-1.9494035926028013,15.657834806277036,5,-9.747017963014006
和歌山,2011,10954,46.4366610498149,964598.0,0.9739334143738684,13.779466713216559,5,4.869667071869342
埼玉,2011,100253,12.19376327999905,7377288.0,-1.614140807765194,15.813916649364657,5,-8.07070403882597
大分,2011,8197,39.00662127000445,1160218.0,0.4123718738506981,13.964118476460206,5,2.0618593692534906
大阪,2011,177397,17.783744614549438,10725709.0,-1.1916506700601754,16.188154127819477,5,-5.958253350300877
奈良,2011,13325,35.50260287463157,1362781.0,0.14753857195183245,14.125038022787404,5,0.7376928597591623
宮城,2011,20605,20.37070067118007,2303098.0,-0.9961288328319627,14.64976573108895,5,-4.980644164159814
宮崎,2011,9490,50.01463976760754,1103755.0,1.244356628820509,13.914228560901371,5,6.221783144102545
富山,2011,6681,43.294721943217034,1063293.0,0.7364660229171697,13.876881254339034,5,3.6823301145858482
山口,2011,11451,38.18173809978662,1383079.0,0.35002729999284743,14.139822731213604,5,1.750136499964237
山形,2011,6436,38.47504315257469,1095383.0,0.37219526169534867,13.906614631766379,5,1.8609763084767432
山梨,2011,7376,61.35151765963628,832769.0,2.1011965384896256,13.632511571766825,5,10.505982692448129
岐阜,2011,25230,34.803978168759436,2044114.0,0.09473659811272184,14.530475001744605,5,0.4736829905636092
岡山,2011,23872,34.5186564779249,1911722.0,0.07317201797613941,14.463514964532704,5,0.36586008988069707
岩手,2011,6353,37.59918131481275,1250142.0,0.3059977260865155,14.038767702826492,5,1.5299886304325774
島根,2011,4466,42.33789124458688,686126.0,0.6641488702415322,13.438816563311503,5,3.320744351207661
広島,2011,25937,41.40092484685926,2838632.0,0.593333059112754,14.85883280394658,5,2.9666652955637702
徳島,2011,6492,47.73623829676473,750519.0,1.072155311221455,13.528520246190894,5,5.360776556107275
愛媛,2011,16156,57.21635612050778,1381761.0,1.7886615113508608,14.138869330582946,5,8.943307556754304
愛知,2011,118963,10.883867203704943,15130618.0,-1.7131426005318728,16.532230930931686,5,-8.565713002659365
新潟,2011,20566,38.591502737018445,2259309.0,0.3809972635132434,14.630569572284342,5,1.9049863175662172
東京,2011,186432,16.955522243991485,27481464.0,-1.2542476202905202,17.129022299008525,5,-6.271238101452601
栃木,2011,23067,18.515072814739696,1976121.0,-1.136376969932374,14.49664639023299,5,-5.68188484966187
沖縄,2011,12403,17.74619335350651,1475800.0,-1.1944887899928782,14.204710773606402,5,-5.972443949964391
滋賀,2011,13762,21.63035830865412,1420080.0,-0.9009240554155826,14.166223766018685,5,-4.504620277077914
熊本,2011,14045,35.4484955253761,1780079.0,0.14344914480178017,14.392168303305887,5,0.7172457240089009
石川,2011,8081,23.969825602776154,1145948.0,-0.7241073900108305,13.951742800009185,5,-3.620536950054152
神奈川,2011,85659,25.07439573979091,14462286.0,-0.6406241078023847,16.48705485348609,5,-3.2031205390119233
福井,2011,5674,50.37581488422377,786503.0,1.2716542020363042,13.575351815840646,5,6.358271010181521
福岡,2011,73421,23.005781585190512,4546317.0,-0.7969697244923494,15.329828012595692,5,-3.984848622461747
福島,2011,16179,31.14665666094769,1901053.0,-0.18168333515547966,14.457918501145048,5,-0.9084166757773983
秋田,2011,4429,31.544540536562607,1000223.0,-0.15161131821328477,13.81573353310347,5,-0.7580565910664239
群馬,2011,20981,35.37874920856942,1981202.0,0.13817772630706265,14.49921428918491,5,0.6908886315353133
茨城,2011,38447,8.279642799800818,2936184.0,-1.909969577434242,14.892621337052569,5,-9.549847887171211
長崎,2011,8491,37.30671146027262,1365391.0,0.28389288857024414,14.126951392469568,5,1.4194644428512206
長野,2011,17707,56.24581769386356,2101891.0,1.7153083301896734,14.558347973698664,5,8.576541650948368
青森,2011,8343,25.077956956509244,1292709.0,-0.6403549514579032,14.072250574420002,5,-3.201774757289516
静岡,2011,35900,36.26075695912359,3624152.0,0.20483976928837402,15.103130887870297,5,1.02419884644187
香川,2011,9198,31.986803916123705,987336.0,-0.11818510353564957,13.80276568601591,5,-0.5909255176782479
高知,2011,8007,63.17883649415797,717480.0,2.239305083013082,13.48350035166295,5,11.19652541506541
鳥取,2011,4941,37.65155750378689,566052.0,0.3099563123442864,13.246441225756794,5,1.5497815617214319
鹿児島,2011,10604,34.11404146783006,1643437.0,0.04259126267452362,14.312300338525404,5,0.2129563133726181
三重,2012,21493,34.85373994116153,1824637.0,0.09849758707071035,14.416891621105094,6,0.5909855224242622
京,2012,32866,31.26978706868641,2555068.0,-0.17237715329049316,14.753589395747191,6,-1.034262919742959
佐賀,2012,7551,27.415622237567113,828781.0,-0.46367448199050065,13.627711225514156,6,-2.782046891943004
兵庫,2012,75642,33.43276950065225,5570618.0,-0.008899193196680871,15.533016557274834,6,-0.05339515918008522
千葉,2012,80802,7.7578900082776,6311190.0,-1.9494035926028013,15.657834806277036,6,-11.696421555616809
和歌山,2012,10301,46.4366610498149,964598.0,0.9739334143738684,13.779466713216559,6,5.8436004862432105
埼玉,2012,93157,12.19376327999905,7377288.0,-1.614140807765194,15.813916649364657,6,-9.684844846591163
大分,2012,6999,39.00662127000445,1160218.0,0.4123718738506981,13.964118476460206,6,2.474231243104189
大阪,2012,168012,17.783744614549438,10725709.0,-1.1916506700601754,16.188154127819477,6,-7.149904020361053
奈良,2012,12170,35.50260287463157,1362781.0,0.14753857195183245,14.125038022787404,6,0.8852314317109947
宮城,2012,19561,20.37070067118007,2303098.0,-0.9961288328319627,14.64976573108895,6,-5.976772996991777
宮崎,2012,8428,50.01463976760754,1103755.0,1.244356628820509,13.914228560901371,6,7.466139772923054
富山,2012,6678,43.294721943217034,1063293.0,0.7364660229171697,13.876881254339034,6,4.418796137503018
山口,2012,10798,38.18173809978662,1383079.0,0.35002729999284743,14.139822731213604,6,2.100163799957085
山形,2012,5992,38.47504315257469,1095383.0,0.37219526169534867,13.906614631766379,6,2.2331715701720922
山梨,2012,7934,61.35151765963628,832769.0,2.1011965384896256,13.632511571766825,6,12.607179230937753
岐阜,2012,24561,34.803978168759436,2044114.0,0.09473659811272184,14.530475001744605,6,0.568419588676331
岡山,2012,22005,34.5186564779249,1911722.0,0.07317201797613941,14.463514964532704,6,0.43903210785683644
岩手,2012,6480,37.59918131481275,1250142.0,0.3059977260865155,14.038767702826492,6,1.835986356519093
島根,2012,4500,42.33789124458688,686126.0,0.6641488702415322,13.438816563311503,6,3.9848932214491937
広島,2012,23902,41.40092484685926,2838632.0,0.593333059112754,14.85883280394658,6,3.559998354676524
徳島,2012,6046,47.73623829676473,750519.0,1.072155311221455,13.528520246190894,6,6.43293186732873
愛媛,2012,13999,57.21635612050778,1381761.0,1.7886615113508608,14.138869330582946,6,10.731969068105165
愛知,2012,104984,10.883867203704943,15130618.0,-1.7131426005318728,16.532230930931686,6,-10.278855603191237
新潟,2012,18503,38.591502737018445,2259309.0,0.3809972635132434,14.630569572284342,6,2.2859835810794604
東京,2012,172385,16.955522243991485,27481464.0,-1.2542476202905202,17.129022299008525,6,-7.525485721743121
栃木,2012,20369,18.515072814739696,1976121.0,-1.136376969932374,14.49664639023299,6,-6.818261819594245
沖縄,2012,11066,17.74619335350651,1475800.0,-1.1944887899928782,14.204710773606402,6,-7.16693273995727
滋賀,2012,15139,21.63035830865412,1420080.0,-0.9009240554155826,14.166223766018685,6,-5.405544332493496
熊本,2012,13104,35.4484955253761,1780079.0,0.14344914480178017,14.392168303305887,6,0.860694868810681
石川,2012,7548,23.969825602776154,1145948.0,-0.7241073900108305,13.951742800009185,6,-4.344644340064983
神奈川,2012,76511,25.07439573979091,14462286.0,-0.6406241078023847,16.48705485348609,6,-3.843744646814308
福井,2012,5432,50.37581488422377,786503.0,1.2716542020363042,13.575351815840646,6,7.629925212217826
福岡,2012,72240,23.005781585190512,4546317.0,-0.7969697244923494,15.329828012595692,6,-4.781818346954096
福島,2012,14616,31.14665666094769,1901053.0,-0.18168333515547966,14.457918501145048,6,-1.090100010932878
秋田,2012,4211,31.544540536562607,1000223.0,-0.15161131821328477,13.81573353310347,6,-0.9096679092797086
群馬,2012,20330,35.37874920856942,1981202.0,0.13817772630706265,14.49921428918491,6,0.8290663578423759
茨城,2012,36873,8.279642799800818,2936184.0,-1.909969577434242,14.892621337052569,6,-11.459817464605452
長崎,2012,8460,37.30671146027262,1365391.0,0.28389288857024414,14.126951392469568,6,1.703357331421465
長野,2012,15463,56.24581769386356,2101891.0,1.7153083301896734,14.558347973698664,6,10.291849981138041
青森,2012,7424,25.077956956509244,1292709.0,-0.6403549514579032,14.072250574420002,6,-3.8421297087474193
静岡,2012,32396,36.26075695912359,3624152.0,0.20483976928837402,15.103130887870297,6,1.2290386157302442
香川,2012,8849,31.986803916123705,987336.0,-0.11818510353564957,13.80276568601591,6,-0.7091106212138973
高知,2012,7082,63.17883649415797,717480.0,2.239305083013082,13.48350035166295,6,13.435830498078492
鳥取,2012,4313,37.65155750378689,566052.0,0.3099563123442864,13.246441225756794,6,1.8597378740657184
鹿児島,2012,10503,34.11404146783006,1643437.0,0.04259126267452362,14.312300338525404,6,0.25554757604714173
三重,2013,19726,34.85373994116153,1824637.0,0.09849758707071035,14.416891621105094,7,0.6894831094949725
京,2013,31944,31.26978706868641,2555068.0,-0.17237715329049316,14.753589395747191,7,-1.206640073033452
佐賀,2013,7509,27.415622237567113,828781.0,-0.46367448199050065,13.627711225514156,7,-3.2457213739335047
兵庫,2013,70532,33.43276950065225,5570618.0,-0.008899193196680871,15.533016557274834,7,-0.062294352376766095
千葉,2013,77904,7.7578900082776,6311190.0,-1.9494035926028013,15.657834806277036,7,-13.64582514821961
和歌山,2013,9110,46.4366610498149,964598.0,0.9739334143738684,13.779466713216559,7,6.817533900617079
埼玉,2013,84154,12.19376327999905,7377288.0,-1.614140807765194,15.813916649364657,7,-11.298985654356358
大分,2013,6290,39.00662127000445,1160218.0,0.4123718738506981,13.964118476460206,7,2.8866031169548867
大阪,2013,151413,17.783744614549438,10725709.0,-1.1916506700601754,16.188154127819477,7,-8.341554690421228
奈良,2013,12337,35.50260287463157,1362781.0,0.14753857195183245,14.125038022787404,7,1.0327700036628271
宮城,2013,19367,20.37070067118007,2303098.0,-0.9961288328319627,14.64976573108895,7,-6.972901829823739
宮崎,2013,7997,50.01463976760754,1103755.0,1.244356628820509,13.914228560901371,7,8.710496401743564
富山,2013,6383,43.294721943217034,1063293.0,0.7364660229171697,13.876881254339034,7,5.155262160420188
山口,2013,10292,38.18173809978662,1383079.0,0.35002729999284743,14.139822731213604,7,2.450191099949932
山形,2013,6178,38.47504315257469,1095383.0,0.37219526169534867,13.906614631766379,7,2.605366831867441
山梨,2013,7461,61.35151765963628,832769.0,2.1011965384896256,13.632511571766825,7,14.708375769427379
岐阜,2013,22357,34.803978168759436,2044114.0,0.09473659811272184,14.530475001744605,7,0.6631561867890529
岡山,2013,19824,34.5186564779249,1911722.0,0.07317201797613941,14.463514964532704,7,0.5122041258329759
岩手,2013,5757,37.59918131481275,1250142.0,0.3059977260865155,14.038767702826492,7,2.1419840826056085
島根,2013,4379,42.33789124458688,686126.0,0.6641488702415322,13.438816563311503,7,4.649042091690726
広島,2013,22592,41.40092484685926,2838632.0,0.593333059112754,14.85883280394658,7,4.153331413789278
徳島,2013,5818,47.73623829676473,750519.0,1.072155311221455,13.528520246190894,7,7.505087178550185
愛媛,2013,13598,57.21635612050778,1381761.0,1.7886615113508608,14.138869330582946,7,12.520630579456025
愛知,2013,96839,10.883867203704943,15130618.0,-1.7131426005318728,16.532230930931686,7,-11.99199820372311
新潟,2013,17320,38.591502737018445,2259309.0,0.3809972635132434,14.630569572284342,7,2.666980844592704
東京,2013,162557,16.955522243991485,27481464.0,-1.2542476202905202,17.129022299008525,7,-8.77973334203364
栃木,2013,18924,18.515072814739696,1976121.0,-1.136376969932374,14.49664639023299,7,-7.954638789526618
沖縄,2013,10820,17.74619335350651,1475800.0,-1.1944887899928782,14.204710773606402,7,-8.361421529950148
滋賀,2013,15447,21.63035830865412,1420080.0,-0.9009240554155826,14.166223766018685,7,-6.306468387909078
熊本,2013,12836,35.4484955253761,1780079.0,0.14344914480178017,14.392168303305887,7,1.004144013612461
石川,2013,7481,23.969825602776154,1145948.0,-0.7241073900108305,13.951742800009185,7,-5.068751730075813
神奈川,2013,76962,25.07439573979091,14462286.0,-0.6406241078023847,16.48705485348609,7,-4.484368754616693
福井,2013,5285,50.37581488422377,786503.0,1.2716542020363042,13.575351815840646,7,8.90157941425413
福岡,2013,66794,23.005781585190512,4546317.0,-0.7969697244923494,15.329828012595692,7,-5.5787880714464455
福島,2013,14596,31.14665666094769,1901053.0,-0.18168333515547966,14.457918501145048,7,-1.2717833460883576
秋田,2013,3972,31.544540536562607,1000223.0,-0.15161131821328477,13.81573353310347,7,-1.0612792274929934
群馬,2013,18820,35.37874920856942,1981202.0,0.13817772630706265,14.49921428918491,7,0.9672440841494385
茨城,2013,35055,8.279642799800818,2936184.0,-1.909969577434242,14.892621337052569,7,-13.369787042039693
長崎,2013,7318,37.30671146027262,1365391.0,0.28389288857024414,14.126951392469568,7,1.987250219991709
長野,2013,14791,56.24581769386356,2101891.0,1.7153083301896734,14.558347973698664,7,12.007158311327714
青森,2013,6515,25.077956956509244,1292709.0,-0.6403549514579032,14.072250574420002,7,-4.482484660205323
静岡,2013,29395,36.26075695912359,3624152.0,0.20483976928837402,15.103130887870297,7,1.433878385018618
香川,2013,8340,31.986803916123705,987336.0,-0.11818510353564957,13.80276568601591,7,-0.8272957247495469
高知,2013,6530,63.17883649415797,717480.0,2.239305083013082,13.48350035166295,7,15.675135581091574
鳥取,2013,4279,37.65155750378689,566052.0,0.3099563123442864,13.246441225756794,7,2.1696941864100046
鹿児島,2013,9276,34.11404146783006,1643437.0,0.04259126267452362,14.312300338525404,7,0.29813883872166536
三重,2014,17550,34.85373994116153,1824637.0,0.09849758707071035,14.416891621105094,8,0.7879806965656828
京,2014,28671,31.26978706868641,2555068.0,-0.17237715329049316,14.753589395747191,8,-1.3790172263239453
佐賀,2014,6284,27.415622237567113,828781.0,-0.46367448199050065,13.627711225514156,8,-3.7093958559240052
兵庫,2014,64911,33.43276950065225,5570618.0,-0.008899193196680871,15.533016557274834,8,-0.07119354557344697
千葉,2014,68026,7.7578900082776,6311190.0,-1.9494035926028013,15.657834806277036,8,-15.59522874082241
和歌山,2014,8704,46.4366610498149,964598.0,0.9739334143738684,13.779466713216559,8,7.791467314990947
埼玉,2014,76857,12.19376327999905,7377288.0,-1.614140807765194,15.813916649364657,8,-12.913126462121552
大分,2014,5384,39.00662127000445,1160218.0,0.4123718738506981,13.964118476460206,8,3.298974990805585
大阪,2014,148257,17.783744614549438,10725709.0,-1.1916506700601754,16.188154127819477,8,-9.533205360481404
奈良,2014,11140,35.50260287463157,1362781.0,0.14753857195183245,14.125038022787404,8,1.1803085756146596
宮城,2014,18630,20.37070067118007,2303098.0,-0.9961288328319627,14.64976573108895,8,-7.969030662655702
宮崎,2014,7321,50.01463976760754,1103755.0,1.244356628820509,13.914228560901371,8,9.954853030564072
富山,2014,6223,43.294721943217034,1063293.0,0.7364660229171697,13.876881254339034,8,5.891728183337357
山口,2014,8695,38.18173809978662,1383079.0,0.35002729999284743,14.139822731213604,8,2.8002183999427794
山形,2014,5358,38.47504315257469,1095383.0,0.37219526169534867,13.906614631766379,8,2.9775620935627893
山梨,2014,6528,61.35151765963628,832769.0,2.1011965384896256,13.632511571766825,8,16.809572307917005
岐阜,2014,20192,34.803978168759436,2044114.0,0.09473659811272184,14.530475001744605,8,0.7578927849017747
岡山,2014,17209,34.5186564779249,1911722.0,0.07317201797613941,14.463514964532704,8,0.5853761438091153
岩手,2014,5115,37.59918131481275,1250142.0,0.3059977260865155,14.038767702826492,8,2.447981808692124
島根,2014,4772,42.33789124458688,686126.0,0.6641488702415322,13.438816563311503,8,5.313190961932258
広島,2014,21123,41.40092484685926,2838632.0,0.593333059112754,14.85883280394658,8,4.746664472902032
徳島,2014,4643,47.73623829676473,750519.0,1.072155311221455,13.528520246190894,8,8.57724248977164
愛媛,2014,12599,57.21635612050778,1381761.0,1.7886615113508608,14.138869330582946,8,14.309292090806887
愛知,2014,85037,10.883867203704943,15130618.0,-1.7131426005318728,16.532230930931686,8,-13.705140804254983
新潟,2014,16424,38.591502737018445,2259309.0,0.3809972635132434,14.630569572284342,8,3.0479781081059474
東京,2014,160120,16.955522243991485,27481464.0,-1.2542476202905202,17.129022299008525,8,-10.033980962324161
栃木,2014,16345,18.515072814739696,1976121.0,-1.136376969932374,14.49664639023299,8,-9.091015759458992
沖縄,2014,9879,17.74619335350651,1475800.0,-1.1944887899928782,14.204710773606402,8,-9.555910319943026
滋賀,2014,12435,21.63035830865412,1420080.0,-0.9009240554155826,14.166223766018685,8,-7.207392443324661
熊本,2014,10879,35.4484955253761,1780079.0,0.14344914480178017,14.392168303305887,8,1.1475931584142414
石川,2014,7494,23.969825602776154,1145948.0,-0.7241073900108305,13.951742800009185,8,-5.792859120086644
神奈川,2014,67295,25.07439573979091,14462286.0,-0.6406241078023847,16.48705485348609,8,-5.124992862419077
福井,2014,4871,50.37581488422377,786503.0,1.2716542020363042,13.575351815840646,8,10.173233616290434
福岡,2014,63259,23.005781585190512,4546317.0,-0.7969697244923494,15.329828012595692,8,-6.375757795938795
福島,2014,14316,31.14665666094769,1901053.0,-0.18168333515547966,14.457918501145048,8,-1.4534666812438373
秋田,2014,3603,31.544540536562607,1000223.0,-0.15161131821328477,13.81573353310347,8,-1.2128905457062782
群馬,2014,17782,35.37874920856942,1981202.0,0.13817772630706265,14.49921428918491,8,1.1054218104565012
茨城,2014,30502,8.279642799800818,2936184.0,-1.909969577434242,14.892621337052569,8,-15.279756619473936
長崎,2014,6017,37.30671146027262,1365391.0,0.28389288857024414,14.126951392469568,8,2.271143108561953
長野,2014,13206,56.24581769386356,2101891.0,1.7153083301896734,14.558347973698664,8,13.722466641517387
青森,2014,5753,25.077956956509244,1292709.0,-0.6403549514579032,14.072250574420002,8,-5.122839611663226
静岡,2014,25601,36.26075695912359,3624152.0,0.20483976928837402,15.103130887870297,8,1.6387181543069922
香川,2014,8802,31.986803916123705,987336.0,-0.11818510353564957,13.80276568601591,8,-0.9454808282851965
高知,2014,5710,63.17883649415797,717480.0,2.239305083013082,13.48350035166295,8,17.914440664104657
鳥取,2014,4077,37.65155750378689,566052.0,0.3099563123442864,13.246441225756794,8,2.479650498754291
鹿児島,2014,8205,34.11404146783006,1643437.0,0.04259126267452362,14.312300338525404,8,0.340730101396189
三重,2015,15178,34.85373994116153,1824637.0,0.09849758707071035,14.416891621105094,9,0.8864782836363931
京,2015,24068,31.26978706868641,2555068.0,-0.17237715329049316,14.753589395747191,9,-1.5513943796144385
佐賀,2015,5422,27.415622237567113,828781.0,-0.46367448199050065,13.627711225514156,9,-4.173070337914506
兵庫,2015,59374,33.43276950065225,5570618.0,-0.008899193196680871,15.533016557274834,9,-0.08009273877012783
千葉,2015,61656,7.7578900082776,6311190.0,-1.9494035926028013,15.657834806277036,9,-17.544632333425213
和歌山,2015,7539,46.4366610498149,964598.0,0.9739334143738684,13.779466713216559,9,8.765400729364815
埼玉,2015,73456,12.19376327999905,7377288.0,-1.614140807765194,15.813916649364657,9,-14.527267269886746
大分,2015,4843,39.00662127000445,1160218.0,0.4123718738506981,13.964118476460206,9,3.7113468646562833
大阪,2015,132471,17.783744614549438,10725709.0,-1.1916506700601754,16.188154127819477,9,-10.724856030541579
奈良,2015,10036,35.50260287463157,1362781.0,0.14753857195183245,14.125038022787404,9,1.3278471475664921
宮城,2015,17742,20.37070067118007,2303098.0,-0.9961288328319627,14.64976573108895,9,-8.965159495487665
宮崎,2015,6632,50.01463976760754,1103755.0,1.244356628820509,13.914228560901371,9,11.19920965938458
富山,2015,6115,43.294721943217034,1063293.0,0.7364660229171697,13.876881254339034,9,6.628194206254527
山口,2015,7701,38.18173809978662,1383079.0,0.35002729999284743,14.139822731213604,9,3.1502456999356268
山形,2015,5014,38.47504315257469,1095383.0,0.37219526169534867,13.906614631766379,9,3.349757355258138
山梨,2015,6406,61.35151765963628,832769.0,2.1011965384896256,13.632511571766825,9,18.91076884640663
岐阜,2015,18160,34.803978168759436,2044114.0,0.09473659811272184,14.530475001744605,9,0.8526293830144965
岡山,2015,14706,34.5186564779249,1911722.0,0.07317201797613941,14.463514964532704,9,0.6585481617852547
岩手,2015,4884,37.59918131481275,1250142.0,0.3059977260865155,14.038767702826492,9,2.7539795347786393
島根,2015,3342,42.33789124458688,686126.0,0.6641488702415322,13.438816563311503,9,5.97733983217379
広島,2015,18777,41.40092484685926,2838632.0,0.593333059112754,14.85883280394658,9,5.339997532014786
徳島,2015,4543,47.73623829676473,750519.0,1.072155311221455,13.528520246190894,9,9.649397800993095
愛媛,2015,11407,57.21635612050778,1381761.0,1.7886615113508608,14.138869330582946,9,16.097953602157748
愛知,2015,76663,10.883867203704943,15130618.0,-1.7131426005318728,16.532230930931686,9,-15.418283404786855
新潟,2015,14970,38.591502737018445,2259309.0,0.3809972635132434,14.630569572284342,9,3.428975371619191
東京,2015,148182,16.955522243991485,27481464.0,-1.2542476202905202,17.129022299008525,9,-11.288228582614682
栃木,2015,14630,18.515072814739696,1976121.0,-1.136376969932374,14.49664639023299,9,-10.227392729391367
沖縄,2015,9463,17.74619335350651,1475800.0,-1.1944887899928782,14.204710773606402,9,-10.750399109935904
滋賀,2015,11308,21.63035830865412,1420080.0,-0.9009240554155826,14.166223766018685,9,-8.108316498740244
熊本,2015,10274,35.4484955253761,1780079.0,0.14344914480178017,14.392168303305887,9,1.2910423032160216
石川,2015,7585,23.969825602776154,1145948.0,-0.7241073900108305,13.951742800009185,9,-6.5169665100974745
神奈川,2015,61664,25.07439573979091,14462286.0,-0.6406241078023847,16.48705485348609,9,-5.765616970221462
福井,2015,3880,50.37581488422377,786503.0,1.2716542020363042,13.575351815840646,9,11.444887818326738
福岡,2015,54663,23.005781585190512,4546317.0,-0.7969697244923494,15.329828012595692,9,-7.1727275204311445
福島,2015,12791,31.14665666094769,1901053.0,-0.18168333515547966,14.457918501145048,9,-1.635150016399317
秋田,2015,3154,31.544540536562607,1000223.0,-0.15161131821328477,13.81573353310347,9,-1.364501863919563
群馬,2015,16275,35.37874920856942,1981202.0,0.13817772630706265,14.49921428918491,9,1.243599536763564
茨城,2015,29085,8.279642799800818,2936184.0,-1.909969577434242,14.892621337052569,9,-17.18972619690818
長崎,2015,4965,37.30671146027262,1365391.0,0.28389288857024414,14.126951392469568,9,2.5550359971321974
長野,2015,11502,56.24581769386356,2101891.0,1.7153083301896734,14.558347973698664,9,15.43777497170706
青森,2015,5486,25.077956956509244,1292709.0,-0.6403549514579032,14.072250574420002,9,-5.763194563121129
静岡,2015,23480,36.26075695912359,3624152.0,0.20483976928837402,15.103130887870297,9,1.8435579235953663
香川,2015,7212,31.986803916123705,987336.0,-0.11818510353564957,13.80276568601591,9,-1.0636659318208461
高知,2015,5664,63.17883649415797,717480.0,2.239305083013082,13.48350035166295,9,20.15374574711774
鳥取,2015,3388,37.65155750378689,566052.0,0.3099563123442864,13.246441225756794,9,2.7896068110985777
鹿児島,2015,7756,34.11404146783006,1643437.0,0.04259126267452362,14.312300338525404,9,0.3833213640707126
三重,2016,14112,34.85373994116153,1824637.0,0.09849758707071035,14.416891621105094,10,0.9849758707071035
京,2016,20479,31.26978706868641,2555068.0,-0.17237715329049316,14.753589395747191,10,-1.7237715329049317
佐賀,2016,5089,27.415622237567113,828781.0,-0.46367448199050065,13.627711225514156,10,-4.636744819905006
兵庫,2016,53183,33.43276950065225,5570618.0,-0.008899193196680871,15.533016557274834,10,-0.08899193196680871
千葉,2016,57277,7.7578900082776,6311190.0,-1.9494035926028013,15.657834806277036,10,-19.494035926028012
和歌山,2016,6360,46.4366610498149,964598.0,0.9739334143738684,13.779466713216559,10,9.739334143738684
埼玉,2016,69456,12.19376327999905,7377288.0,-1.614140807765194,15.813916649364657,10,-16.14140807765194
大分,2016,4054,39.00662127000445,1160218.0,0.4123718738506981,13.964118476460206,10,4.123718738506981
大阪,2016,122136,17.783744614549438,10725709.0,-1.1916506700601754,16.188154127819477,10,-11.916506700601754
奈良,2016,9307,35.50260287463157,1362781.0,0.14753857195183245,14.125038022787404,10,1.4753857195183246
宮城,2016,16466,20.37070067118007,2303098.0,-0.9961288328319627,14.64976573108895,10,-9.961288328319627
宮崎,2016,5346,50.01463976760754,1103755.0,1.244356628820509,13.914228560901371,10,12.44356628820509
富山,2016,5394,43.294721943217034,1063293.0,0.7364660229171697,13.876881254339034,10,7.3646602291716965
山口,2016,6852,38.18173809978662,1383079.0,0.35002729999284743,14.139822731213604,10,3.500272999928474
山形,2016,4896,38.47504315257469,1095383.0,0.37219526169534867,13.906614631766379,10,3.7219526169534864
山梨,2016,5070,61.35151765963628,832769.0,2.1011965384896256,13.632511571766825,10,21.011965384896257
岐阜,2016,15607,34.803978168759436,2044114.0,0.09473659811272184,14.530475001744605,10,0.9473659811272184
岡山,2016,12740,34.5186564779249,1911722.0,0.07317201797613941,14.463514964532704,10,0.7317201797613941
岩手,2016,4223,37.59918131481275,1250142.0,0.3059977260865155,14.038767702826492,10,3.0599772608651548
島根,2016,3047,42.33789124458688,686126.0,0.6641488702415322,13.438816563311503,10,6.641488702415322
広島,2016,17107,41.40092484685926,2838632.0,0.593333059112754,14.85883280394658,10,5.9333305911275405
徳島,2016,3953,47.73623829676473,750519.0,1.072155311221455,13.528520246190894,10,10.72155311221455
愛媛,2016,9776,57.21635612050778,1381761.0,1.7886615113508608,14.138869330582946,10,17.886615113508608
愛知,2016,70254,10.883867203704943,15130618.0,-1.7131426005318728,16.532230930931686,10,-17.13142600531873
新潟,2016,14149,38.591502737018445,2259309.0,0.3809972635132434,14.630569572284342,10,3.8099726351324343
東京,2016,134619,16.955522243991485,27481464.0,-1.2542476202905202,17.129022299008525,10,-12.542476202905203
栃木,2016,13253,18.515072814739696,1976121.0,-1.136376969932374,14.49664639023299,10,-11.36376969932374
沖縄,2016,8082,17.74619335350651,1475800.0,-1.1944887899928782,14.204710773606402,10,-11.944887899928782
滋賀,2016,9573,21.63035830865412,1420080.0,-0.9009240554155826,14.166223766018685,10,-9.009240554155827
熊本,2016,8923,35.4484955253761,1780079.0,0.14344914480178017,14.392168303305887,10,1.4344914480178017
石川,2016,6202,23.969825602776154,1145948.0,-0.7241073900108305,13.951742800009185,10,-7.241073900108304
神奈川,2016,58127,25.07439573979091,14462286.0,-0.6406241078023847,16.48705485348609,10,-6.406241078023847
福井,2016,3645,50.37581488422377,786503.0,1.2716542020363042,13.575351815840646,10,12.716542020363041
福岡,2016,46619,23.005781585190512,4546317.0,-0.7969697244923494,15.329828012595692,10,-7.969697244923494
福島,2016,11575,31.14665666094769,1901053.0,-0.18168333515547966,14.457918501145048,10,-1.8168333515547965
秋田,2016,2947,31.544540536562607,1000223.0,-0.15161131821328477,13.81573353310347,10,-1.5161131821328477
群馬,2016,14006,35.37874920856942,1981202.0,0.13817772630706265,14.49921428918491,10,1.3817772630706266
茨城,2016,26607,8.279642799800818,2936184.0,-1.909969577434242,14.892621337052569,10,-19.099695774342422
長崎,2016,4659,37.30671146027262,1365391.0,0.28389288857024414,14.126951392469568,10,2.8389288857024413
長野,2016,10664,56.24581769386356,2101891.0,1.7153083301896734,14.558347973698664,10,17.153083301896736
青森,2016,5050,25.077956956509244,1292709.0,-0.6403549514579032,14.072250574420002,10,-6.403549514579032
静岡,2016,22097,36.26075695912359,3624152.0,0.20483976928837402,15.103130887870297,10,2.04839769288374
香川,2016,6075,31.986803916123705,987336.0,-0.11818510353564957,13.80276568601591,10,-1.1818510353564957
高知,2016,4792,63.17883649415797,717480.0,2.239305083013082,13.48350035166295,10,22.39305083013082
鳥取,2016,2907,37.65155750378689,566052.0,0.3099563123442864,13.246441225756794,10,3.0995631234428638
鹿児島,2016,7352,34.11404146783006,1643437.0,0.04259126267452362,14.312300338525404,10,0.4259126267452362
三重,2017,13346,34.85373994116153,1824637.0,0.09849758707071035,14.416891621105094,11,1.0834734577778138
京,2017,18603,31.26978706868641,2555068.0,-0.17237715329049316,14.753589395747191,11,-1.8961486861954249
佐賀,2017,4331,27.415622237567113,828781.0,-0.46367448199050065,13.627711225514156,11,-5.100419301895507
兵庫,2017,50821,33.43276950065225,5570618.0,-0.008899193196680871,15.533016557274834,11,-0.09789112516348958
千葉,2017,52974,7.7578900082776,6311190.0,-1.9494035926028013,15.657834806277036,11,-21.443439518630814
和歌山,2017,5921,46.4366610498149,964598.0,0.9739334143738684,13.779466713216559,11,10.713267558112552
埼玉,2017,63383,12.19376327999905,7377288.0,-1.614140807765194,15.813916649364657,11,-17.755548885417134
大分,2017,3958,39.00662127000445,1160218.0,0.4123718738506981,13.964118476460206,11,4.536090612357679
大阪,2017,107023,17.783744614549438,10725709.0,-1.1916506700601754,16.188154127819477,11,-13.10815737066193
奈良,2017,9052,35.50260287463157,1362781.0,0.14753857195183245,14.125038022787404,11,1.622924291470157
宮城,2017,14929,20.37070067118007,2303098.0,-0.9961288328319627,14.64976573108895,11,-10.95741716115159
宮崎,2017,4990,50.01463976760754,1103755.0,1.244356628820509,13.914228560901371,11,13.687922917025599
富山,2017,5330,43.294721943217034,1063293.0,0.7364660229171697,13.876881254339034,11,8.101126252088866
山口,2017,6296,38.18173809978662,1383079.0,0.35002729999284743,14.139822731213604,11,3.850300299921322
山形,2017,3975,38.47504315257469,1095383.0,0.37219526169534867,13.906614631766379,11,4.094147878648835
山梨,2017,4617,61.35151765963628,832769.0,2.1011965384896256,13.632511571766825,11,23.11316192338588
岐阜,2017,14897,34.803978168759436,2044114.0,0.09473659811272184,14.530475001744605,11,1.0421025792399403
岡山,2017,11105,34.5186564779249,1911722.0,0.07317201797613941,14.463514964532704,11,0.8048921977375335
岩手,2017,3435,37.59918131481275,1250142.0,0.3059977260865155,14.038767702826492,11,3.36597498695167
島根,2017,2773,42.33789124458688,686126.0,0.6641488702415322,13.438816563311503,11,7.305637572656854
広島,2017,15982,41.40092484685926,2838632.0,0.593333059112754,14.85883280394658,11,6.526663650240295
徳島,2017,3694,47.73623829676473,750519.0,1.072155311221455,13.528520246190894,11,11.793708423436005
愛媛,2017,9207,57.21635612050778,1381761.0,1.7886615113508608,14.138869330582946,11,19.675276624859467
愛知,2017,65511,10.883867203704943,15130618.0,-1.7131426005318728,16.532230930931686,11,-18.8445686058506
新潟,2017,12757,38.591502737018445,2259309.0,0.3809972635132434,14.630569572284342,11,4.190969898645678
東京,2017,125251,16.955522243991485,27481464.0,-1.2542476202905202,17.129022299008525,11,-13.796723823195721
栃木,2017,12767,18.515072814739696,1976121.0,-1.136376969932374,14.49664639023299,11,-12.500146669256115
沖縄,2017,8047,17.74619335350651,1475800.0,-1.1944887899928782,14.204710773606402,11,-13.13937668992166
滋賀,2017,8737,21.63035830865412,1420080.0,-0.9009240554155826,14.166223766018685,11,-9.910164609571408
熊本,2017,8288,35.4484955253761,1780079.0,0.14344914480178017,14.392168303305887,11,1.5779405928195818
石川,2017,5393,23.969825602776154,1145948.0,-0.7241073900108305,13.951742800009185,11,-7.965181290119135
神奈川,2017,53628,25.07439573979091,14462286.0,-0.6406241078023847,16.48705485348609,11,-7.046865185826231
福井,2017,3231,50.37581488422377,786503.0,1.2716542020363042,13.575351815840646,11,13.988196222399345
福岡,2017,42126,23.005781585190512,4546317.0,-0.7969697244923494,15.329828012595692,11,-8.766666969415843
福島,2017,11127,31.14665666094769,1901053.0,-0.18168333515547966,14.457918501145048,11,-1.9985166867102762
秋田,2017,2428,31.544540536562607,1000223.0,-0.15161131821328477,13.81573353310347,11,-1.6677245003461325
群馬,2017,13105,35.37874920856942,1981202.0,0.13817772630706265,14.49921428918491,11,1.5199549893776891
茨城,2017,24809,8.279642799800818,2936184.0,-1.909969577434242,14.892621337052569,11,-21.00966535177666
長崎,2017,4264,37.30671146027262,1365391.0,0.28389288857024414,14.126951392469568,11,3.1228217742726856
長野,2017,9535,56.24581769386356,2101891.0,1.7153083301896734,14.558347973698664,11,18.868391632086407
青森,2017,4608,25.077956956509244,1292709.0,-0.6403549514579032,14.072250574420002,11,-7.043904466036936
静岡,2017,20869,36.26075695912359,3624152.0,0.20483976928837402,15.103130887870297,11,2.2532374621721143
香川,2017,5600,31.986803916123705,987336.0,-0.11818510353564957,13.80276568601591,11,-1.3000361388921453
高知,2017,4635,63.17883649415797,717480.0,2.239305083013082,13.48350035166295,11,24.632355913143904
鳥取,2017,2604,37.65155750378689,566052.0,0.3099563123442864,13.246441225756794,11,3.4095194357871503
鹿児島,2017,6920,34.11404146783006,1643437.0,0.04259126267452362,14.312300338525404,11,0.46850388941975984
三重,2018,11247,34.85373994116153,1824637.0,0.09849758707071035,14.416891621105094,12,1.1819710448485243
京,2018,16821,31.26978706868641,2555068.0,-0.17237715329049316,14.753589395747191,12,-2.068525839485918
佐賀,2018,3581,27.415622237567113,828781.0,-0.46367448199050065,13.627711225514156,12,-5.564093783886008
兵庫,2018,44233,33.43276950065225,5570618.0,-0.008899193196680871,15.533016557274834,12,-0.10679031836017044
千葉,2018,46698,7.7578900082776,6311190.0,-1.9494035926028013,15.657834806277036,12,-23.392843111233617
和歌山,2018,4848,46.4366610498149,964598.0,0.9739334143738684,13.779466713216559,12,11.687200972486421
埼玉,2018,60001,12.19376327999905,7377288.0,-1.614140807765194,15.813916649364657,12,-19.369689693182327
大分,2018,3331,39.00662127000445,1160218.0,0.4123718738506981,13.964118476460206,12,4.948462486208378
大阪,2018,95558,17.783744614549438,10725709.0,-1.1916506700601754,16.188154127819477,12,-14.299808040722105
奈良,2018,7764,35.50260287463157,1362781.0,0.14753857195183245,14.125038022787404,12,1.7704628634219894
宮城,2018,13755,20.37070067118007,2303098.0,-0.9961288328319627,14.64976573108895,12,-11.953545993983553
宮崎,2018,4205,50.01463976760754,1103755.0,1.244356628820509,13.914228560901371,12,14.932279545846107
富山,2018,4846,43.294721943217034,1063293.0,0.7364660229171697,13.876881254339034,12,8.837592275006037
山口,2018,5419,38.18173809978662,1383079.0,0.35002729999284743,14.139822731213604,12,4.20032759991417
山形,2018,3614,38.47504315257469,1095383.0,0.37219526169534867,13.906614631766379,12,4.4663431403441844
山梨,2018,4123,61.35151765963628,832769.0,2.1011965384896256,13.632511571766825,12,25.214358461875506
岐阜,2018,13232,34.803978168759436,2044114.0,0.09473659811272184,14.530475001744605,12,1.136839177352662
岡山,2018,9509,34.5186564779249,1911722.0,0.07317201797613941,14.463514964532704,12,0.8780642157136729
岩手,2018,3458,37.59918131481275,1250142.0,0.3059977260865155,14.038767702826492,12,3.671972713038186
島根,2018,2631,42.33789124458688,686126.0,0.6641488702415322,13.438816563311503,12,7.969786442898387
広島,2018,14311,41.40092484685926,2838632.0,0.593333059112754,14.85883280394658,12,7.119996709353048
徳島,2018,3094,47.73623829676473,750519.0,1.072155311221455,13.528520246190894,12,12.86586373465746
愛媛,2018,8626,57.21635612050778,1381761.0,1.7886615113508608,14.138869330582946,12,21.46393813621033
愛知,2018,55080,10.883867203704943,15130618.0,-1.7131426005318728,16.532230930931686,12,-20.557711206382475
新潟,2018,11137,38.591502737018445,2259309.0,0.3809972635132434,14.630569572284342,12,4.571967162158921
東京,2018,114492,16.955522243991485,27481464.0,-1.2542476202905202,17.129022299008525,12,-15.050971443486242
栃木,2018,11346,18.515072814739696,1976121.0,-1.136376969932374,14.49664639023299,12,-13.63652363918849
沖縄,2018,6878,17.74619335350651,1475800.0,-1.1944887899928782,14.204710773606402,12,-14.33386547991454
滋賀,2018,7967,21.63035830865412,1420080.0,-0.9009240554155826,14.166223766018685,12,-10.811088664986992
熊本,2018,6932,35.4484955253761,1780079.0,0.14344914480178017,14.392168303305887,12,1.721389737621362
石川,2018,4722,23.969825602776154,1145948.0,-0.7241073900108305,13.951742800009185,12,-8.689288680129966
神奈川,2018,46780,25.07439573979091,14462286.0,-0.6406241078023847,16.48705485348609,12,-7.687489293628616
福井,2018,3197,50.37581488422377,786503.0,1.2716542020363042,13.575351815840646,12,15.259850424435651
福岡,2018,36701,23.005781585190512,4546317.0,-0.7969697244923494,15.329828012595692,12,-9.563636693908192
福島,2018,10277,31.14665666094769,1901053.0,-0.18168333515547966,14.457918501145048,12,-2.180200021865756
秋田,2018,2460,31.544540536562607,1000223.0,-0.15161131821328477,13.81573353310347,12,-1.8193358185594173
群馬,2018,12201,35.37874920856942,1981202.0,0.13817772630706265,14.49921428918491,12,1.6581327156847518
茨城,2018,22550,8.279642799800818,2936184.0,-1.909969577434242,14.892621337052569,12,-22.919634929210904
長崎,2018,3622,37.30671146027262,1365391.0,0.28389288857024414,14.126951392469568,12,3.40671466284293
長野,2018,8825,56.24581769386356,2101891.0,1.7153083301896734,14.558347973698664,12,20.583699962276082
青森,2018,4060,25.077956956509244,1292709.0,-0.6403549514579032,14.072250574420002,12,-7.684259417494839
静岡,2018,19659,36.26075695912359,3624152.0,0.20483976928837402,15.103130887870297,12,2.4580772314604884
香川,2018,5222,31.986803916123705,987336.0,-0.11818510353564957,13.80276568601591,12,-1.4182212424277947
高知,2018,4052,63.17883649415797,717480.0,2.239305083013082,13.48350035166295,12,26.871660996156983
鳥取,2018,2110,37.65155750378689,566052.0,0.3099563123442864,13.246441225756794,12,3.719475748131437
鹿児島,2018,6704,34.11404146783006,1643437.0,0.04259126267452362,14.312300338525404,12,0.5110951520942835
三重,2019,10322,34.85373994116153,1824637.0,0.09849758707071035,14.416891621105094,13,1.2804686319192347
京,2019,15136,31.26978706868641,2555068.0,-0.17237715329049316,14.753589395747191,13,-2.240902992776411
佐賀,2019,3400,27.415622237567113,828781.0,-0.46367448199050065,13.627711225514156,13,-6.027768265876508
兵庫,2019,40395,33.43276950065225,5570618.0,-0.008899193196680871,15.533016557274834,13,-0.11568951155685132
千葉,2019,41793,7.7578900082776,6311190.0,-1.9494035926028013,15.657834806277036,13,-25.342246703836416
和歌山,2019,4363,46.4366610498149,964598.0,0.9739334143738684,13.779466713216559,13,12.661134386860288
埼玉,2019,55497,12.19376327999905,7377288.0,-1.614140807765194,15.813916649364657,13,-20.983830500947523
大分,2019,3018,39.00662127000445,1160218.0,0.4123718738506981,13.964118476460206,13,5.3608343600590755
大阪,2019,84672,17.783744614549438,10725709.0,-1.1916506700601754,16.188154127819477,13,-15.49145871078228
奈良,2019,6616,35.50260287463157,1362781.0,0.14753857195183245,14.125038022787404,13,1.918001435373822
宮城,2019,12979,20.37070067118007,2303098.0,-0.9961288328319627,14.64976573108895,13,-12.949674826815516
宮崎,2019,3993,50.01463976760754,1103755.0,1.244356628820509,13.914228560901371,13,16.176636174666616
富山,2019,4508,43.294721943217034,1063293.0,0.7364660229171697,13.876881254339034,13,9.574058297923205
山口,2019,5196,38.18173809978662,1383079.0,0.35002729999284743,14.139822731213604,13,4.550354899907017
山形,2019,3275,38.47504315257469,1095383.0,0.37219526169534867,13.906614631766379,13,4.838538402039533
山梨,2019,3985,61.35151765963628,832769.0,2.1011965384896256,13.632511571766825,13,27.315555000365134
岐阜,2019,12857,34.803978168759436,2044114.0,0.09473659811272184,14.530475001744605,13,1.2315757754653838
岡山,2019,9436,34.5186564779249,1911722.0,0.07317201797613941,14.463514964532704,13,0.9512362336898124
岩手,2019,3063,37.59918131481275,1250142.0,0.3059977260865155,14.038767702826492,13,3.9779704391247015
島根,2019,2310,42.33789124458688,686126.0,0.6641488702415322,13.438816563311503,13,8.633935313139919
広島,2019,14160,41.40092484685926,2838632.0,0.593333059112754,14.85883280394658,13,7.713329768465802
徳島,2019,3111,47.73623829676473,750519.0,1.072155311221455,13.528520246190894,13,13.938019045878915
愛媛,2019,7446,57.21635612050778,1381761.0,1.7886615113508608,14.138869330582946,13,23.25259964756119
愛知,2019,49956,10.883867203704943,15130618.0,-1.7131426005318728,16.532230930931686,13,-22.270853806914346
新潟,2019,10743,38.591502737018445,2259309.0,0.3809972635132434,14.630569572284342,13,4.952964425672165
東京,2019,104664,16.955522243991485,27481464.0,-1.2542476202905202,17.129022299008525,13,-16.30521906377676
栃木,2019,11155,18.515072814739696,1976121.0,-1.136376969932374,14.49664639023299,13,-14.772900609120862
沖縄,2019,6514,17.74619335350651,1475800.0,-1.1944887899928782,14.204710773606402,13,-15.528354269907418
滋賀,2019,6771,21.63035830865412,1420080.0,-0.9009240554155826,14.166223766018685,13,-11.712012720402575
熊本,2019,6498,35.4484955253761,1780079.0,0.14344914480178017,14.392168303305887,13,1.8648388824231423
石川,2019,4508,23.969825602776154,1145948.0,-0.7241073900108305,13.951742800009185,13,-9.413396070140797
神奈川,2019,41780,25.07439573979091,14462286.0,-0.6406241078023847,16.48705485348609,13,-8.328113401431
福井,2019,3132,50.37581488422377,786503.0,1.2716542020363042,13.575351815840646,13,16.531504626471953
福岡,2019,34520,23.005781585190512,4546317.0,-0.7969697244923494,15.329828012595692,13,-10.360606418400542
福島,2019,9416,31.14665666094769,1901053.0,-0.18168333515547966,14.457918501145048,13,-2.3618833570212354
秋田,2019,2162,31.544540536562607,1000223.0,-0.15161131821328477,13.81573353310347,13,-1.970947136772702
群馬,2019,11699,35.37874920856942,1981202.0,0.13817772630706265,14.49921428918491,13,1.7963104419918146
茨城,2019,20312,8.279642799800818,2936184.0,-1.909969577434242,14.892621337052569,13,-24.829604506645147
長崎,2019,3394,37.30671146027262,1365391.0,0.28389288857024414,14.126951392469568,13,3.6906075514131738
長野,2019,8504,56.24581769386356,2101891.0,1.7153083301896734,14.558347973698664,13,22.299008292465754
青森,2019,3488,25.077956956509244,1292709.0,-0.6403549514579032,14.072250574420002,13,-8.324614368952743
静岡,2019,17876,36.26075695912359,3624152.0,0.20483976928837402,15.103130887870297,13,2.6629170007488625
香川,2019,4962,31.986803916123705,987336.0,-0.11818510353564957,13.80276568601591,13,-1.5364063459634443
高知,2019,3562,63.17883649415797,717480.0,2.239305083013082,13.48350035166295,13,29.110966079170066
鳥取,2019,2029,37.65155750378689,566052.0,0.3099563123442864,13.246441225756794,13,4.029432060475723
鹿児島,2019,5776,34.11404146783006,1643437.0,0.04259126267452362,14.312300338525404,13,0.5536864147688071
三重,2020,8560,34.85373994116153,1824637.0,0.09849758707071035,14.416891621105094,14,1.378966218989945
京,2020,11851,31.26978706868641,2555068.0,-0.17237715329049316,14.753589395747191,14,-2.413280146066904
佐賀,2020,3069,27.415622237567113,828781.0,-0.46367448199050065,13.627711225514156,14,-6.491442747867009
兵庫,2020,34246,33.43276950065225,5570618.0,-0.008899193196680871,15.533016557274834,14,-0.12458870475353219
千葉,2020,34685,7.7578900082776,6311190.0,-1.9494035926028013,15.657834806277036,14,-27.29165029643922
和歌山,2020,3899,46.4366610498149,964598.0,0.9739334143738684,13.779466713216559,14,13.635067801234158
埼玉,2020,44485,12.19376327999905,7377288.0,-1.614140807765194,15.813916649364657,14,-22.597971308712715
大分,2020,3087,39.00662127000445,1160218.0,0.4123718738506981,13.964118476460206,14,5.773206233909773
大阪,2020,68351,17.783744614549438,10725709.0,-1.1916506700601754,16.188154127819477,14,-16.683109380842456
奈良,2020,5774,35.50260287463157,1362781.0,0.14753857195183245,14.125038022787404,14,2.0655400073256542
宮城,2020,10193,20.37070067118007,2303098.0,-0.9961288328319627,14.64976573108895,14,-13.945803659647478
宮崎,2020,3694,50.01463976760754,1103755.0,1.244356628820509,13.914228560901371,14,17.420992803487128
富山,2020,4539,43.294721943217034,1063293.0,0.7364660229171697,13.876881254339034,14,10.310524320840376
山口,2020,4137,38.18173809978662,1383079.0,0.35002729999284743,14.139822731213604,14,4.900382199899864
山形,2020,3085,38.47504315257469,1095383.0,0.37219526169534867,13.906614631766379,14,5.210733663734882
山梨,2020,3128,61.35151765963628,832769.0,2.1011965384896256,13.632511571766825,14,29.416751538854758
岐阜,2020,10447,34.803978168759436,2044114.0,0.09473659811272184,14.530475001744605,14,1.3263123735781057
岡山,2020,7832,34.5186564779249,1911722.0,0.07317201797613941,14.463514964532704,14,1.0244082516659518
岩手,2020,2553,37.59918131481275,1250142.0,0.3059977260865155,14.038767702826492,14,4.283968165211217
島根,2020,1936,42.33789124458688,686126.0,0.6641488702415322,13.438816563311503,14,9.298084183381452
広島,2020,11726,41.40092484685926,2838632.0,0.593333059112754,14.85883280394658,14,8.306662827578556
徳島,2020,2414,47.73623829676473,750519.0,1.072155311221455,13.528520246190894,14,15.01017435710037
愛媛,2020,6433,57.21635612050778,1381761.0,1.7886615113508608,14.138869330582946,14,25.04126115891205
愛知,2020,39897,10.883867203704943,15130618.0,-1.7131426005318728,16.532230930931686,14,-23.98399640744622
新潟,2020,8561,38.591502737018445,2259309.0,0.3809972635132434,14.630569572284342,14,5.333961689185408
東京,2020,82764,16.955522243991485,27481464.0,-1.2542476202905202,17.129022299008525,14,-17.55946668406728
栃木,2020,9059,18.515072814739696,1976121.0,-1.136376969932374,14.49664639023299,14,-15.909277579053237
沖縄,2020,5998,17.74619335350651,1475800.0,-1.1944887899928782,14.204710773606402,14,-16.722843059900296
滋賀,2020,6039,21.63035830865412,1420080.0,-0.9009240554155826,14.166223766018685,14,-12.612936775818156
熊本,2020,5081,35.4484955253761,1780079.0,0.14344914480178017,14.392168303305887,14,2.008288027224922
石川,2020,3595,23.969825602776154,1145948.0,-0.7241073900108305,13.951742800009185,14,-10.137503460151626
神奈川,2020,35241,25.07439573979091,14462286.0,-0.6406241078023847,16.48705485348609,14,-8.968737509233385
福井,2020,2764,50.37581488422377,786503.0,1.2716542020363042,13.575351815840646,14,17.80315882850826
福岡,2020,27627,23.005781585190512,4546317.0,-0.7969697244923494,15.329828012595692,14,-11.157576142892891
福島,2020,7655,31.14665666094769,1901053.0,-0.18168333515547966,14.457918501145048,14,-2.5435666921767153
秋田,2020,2382,31.544540536562607,1000223.0,-0.15161131821328477,13.81573353310347,14,-2.122558454985987
群馬,2020,9965,35.37874920856942,1981202.0,0.13817772630706265,14.49921428918491,14,1.934488168298877
茨城,2020,16301,8.279642799800818,2936184.0,-1.909969577434242,14.892621337052569,14,-26.739574084079386
長崎,2020,2799,37.30671146027262,1365391.0,0.28389288857024414,14.126951392469568,14,3.974500439983418
長野,2020,6944,56.24581769386356,2101891.0,1.7153083301896734,14.558347973698664,14,24.01431662265543
青森,2020,3409,25.077956956509244,1292709.0,-0.6403549514579032,14.072250574420002,14,-8.964969320410646
静岡,2020,15370,36.26075695912359,3624152.0,0.20483976928837402,15.103130887870297,14,2.867756770037236
香川,2020,4543,31.986803916123705,987336.0,-0.11818510353564957,13.80276568601591,14,-1.6545914494990939
高知,2020,2719,63.17883649415797,717480.0,2.239305083013082,13.48350035166295,14,31.350271162183148
鳥取,2020,1814,37.65155750378689,566052.0,0.3099563123442864,13.246441225756794,14,4.339388372820009
鹿児島,2020,5113,34.11404146783006,1643437.0,0.04259126267452362,14.312300338525404,14,0.5962776774433307
三重,2021,7410,34.85373994116153,1824637.0,0.09849758707071035,14.416891621105094,15,1.4774638060606553
京,2021,10483,31.26978706868641,2555068.0,-0.17237715329049316,14.753589395747191,15,-2.5856572993573974
佐賀,2021,2821,27.415622237567113,828781.0,-0.46367448199050065,13.627711225514156,15,-6.9551172298575095
兵庫,2021,30003,33.43276950065225,5570618.0,-0.008899193196680871,15.533016557274834,15,-0.13348789795021307
千葉,2021,32638,7.7578900082776,6311190.0,-1.9494035926028013,15.657834806277036,15,-29.241053889042018
和歌山,2021,3310,46.4366610498149,964598.0,0.9739334143738684,13.779466713216559,15,14.609001215608025
埼玉,2021,40166,12.19376327999905,7377288.0,-1.614140807765194,15.813916649364657,15,-24.21211211647791
大分,2021,2887,39.00662127000445,1160218.0,0.4123718738506981,13.964118476460206,15,6.185578107760472
大阪,2021,62690,17.783744614549438,10725709.0,-1.1916506700601754,16.188154127819477,15,-17.87476005090263
奈良,2021,5148,35.50260287463157,1362781.0,0.14753857195183245,14.125038022787404,15,2.2130785792774867
宮城,2021,9398,20.37070067118007,2303098.0,-0.9961288328319627,14.64976573108895,15,-14.941932492479442
宮崎,2021,3535,50.01463976760754,1103755.0,1.244356628820509,13.914228560901371,15,18.665349432307636
富山,2021,4546,43.294721943217034,1063293.0,0.7364660229171697,13.876881254339034,15,11.046990343757544
山口,2021,3871,38.18173809978662,1383079.0,0.35002729999284743,14.139822731213604,15,5.2504094998927116
山形,2021,3053,38.47504315257469,1095383.0,0.37219526169534867,13.906614631766379,15,5.58292892543023
山梨,2021,2748,61.35151765963628,832769.0,2.1011965384896256,13.632511571766825,15,31.517948077344386
岐阜,2021,9479,34.803978168759436,2044114.0,0.09473659811272184,14.530475001744605,15,1.4210489716908277
岡山,2021,7535,34.5186564779249,1911722.0,0.07317201797613941,14.463514964532704,15,1.097580269642091
岩手,2021,2507,37.59918131481275,1250142.0,0.3059977260865155,14.038767702826492,15,4.589965891297732
島根,2021,1849,42.33789124458688,686126.0,0.6641488702415322,13.438816563311503,15,9.962233053622983
広島,2021,11181,41.40092484685926,2838632.0,0.593333059112754,14.85883280394658,15,8.899995886691311
徳島,2021,2362,47.73623829676473,750519.0,1.072155311221455,13.528520246190894,15,16.082329668321826
愛媛,2021,5804,57.21635612050778,1381761.0,1.7886615113508608,14.138869330582946,15,26.829922670262913
愛知,2021,37832,10.883867203704943,15130618.0,-1.7131426005318728,16.532230930931686,15,-25.69713900797809
新潟,2021,7746,38.591502737018445,2259309.0,0.3809972635132434,14.630569572284342,15,5.714958952698652
東京,2021,75288,16.955522243991485,27481464.0,-1.2542476202905202,17.129022299008525,15,-18.813714304357802
栃木,2021,9027,18.515072814739696,1976121.0,-1.136376969932374,14.49664639023299,15,-17.04565454898561
沖縄,2021,5833,17.74619335350651,1475800.0,-1.1944887899928782,14.204710773606402,15,-17.917331849893174
滋賀,2021,5814,21.63035830865412,1420080.0,-0.9009240554155826,14.166223766018685,15,-13.513860831233739
熊本,2021,5187,35.4484955253761,1780079.0,0.14344914480178017,14.392168303305887,15,2.1517371720267024
石川,2021,3409,23.969825602776154,1145948.0,-0.7241073900108305,13.951742800009185,15,-10.861610850162457
神奈川,2021,33252,25.07439573979091,14462286.0,-0.6406241078023847,16.48705485348609,15,-9.60936161703577
福井,2021,2714,50.37581488422377,786503.0,1.2716542020363042,13.575351815840646,15,19.07481303054456
福岡,2021,26337,23.005781585190512,4546317.0,-0.7969697244923494,15.329828012595692,15,-11.95454586738524
福島,2021,6627,31.14665666094769,1901053.0,-0.18168333515547966,14.457918501145048,15,-2.7252500273321947
秋田,2021,1984,31.544540536562607,1000223.0,-0.15161131821328477,13.81573353310347,15,-2.2741697731992714
群馬,2021,9079,35.37874920856942,1981202.0,0.13817772630706265,14.49921428918491,15,2.0726658946059398
茨城,2021,14277,8.279642799800818,2936184.0,-1.909969577434242,14.892621337052569,15,-28.64954366151363
長崎,2021,3155,37.30671146027262,1365391.0,0.28389288857024414,14.126951392469568,15,4.258393328553662
長野,2021,5959,56.24581769386356,2101891.0,1.7153083301896734,14.558347973698664,15,25.7296249528451
青森,2021,3067,25.077956956509244,1292709.0,-0.6403549514579032,14.072250574420002,15,-9.605324271868549
静岡,2021,14440,36.26075695912359,3624152.0,0.20483976928837402,15.103130887870297,15,3.0725965393256103
香川,2021,3801,31.986803916123705,987336.0,-0.11818510353564957,13.80276568601591,15,-1.7727765530347435
高知,2021,2859,63.17883649415797,717480.0,2.239305083013082,13.48350035166295,15,33.589576245196234
鳥取,2021,1923,37.65155750378689,566052.0,0.3099563123442864,13.246441225756794,15,4.649344685164296
鹿児島,2021,4641,34.11404146783006,1643437.0,0.04259126267452362,14.312300338525404,15,0.6388689401178543
三重,2022,7647,34.85373994116153,1824637.0,0.09849758707071035,14.416891621105094,16,1.5759613931313656
京,2022,10578,31.26978706868641,2555068.0,-0.17237715329049316,14.753589395747191,16,-2.7580344526478906
佐賀,2022,2861,27.415622237567113,828781.0,-0.46367448199050065,13.627711225514156,16,-7.4187917118480105
兵庫,2022,33018,33.43276950065225,5570618.0,-0.008899193196680871,15.533016557274834,16,-0.14238709114689393
千葉,2022,32728,7.7578900082776,6311190.0,-1.9494035926028013,15.657834806277036,16,-31.19045748164482
和歌山,2022,3438,46.4366610498149,964598.0,0.9739334143738684,13.779466713216559,16,15.582934629981894
埼玉,2022,41983,12.19376327999905,7377288.0,-1.614140807765194,15.813916649364657,16,-25.826252924243104
大分,2022,2794,39.00662127000445,1160218.0,0.4123718738506981,13.964118476460206,16,6.59794998161117
大阪,2022,68807,17.783744614549438,10725709.0,-1.1916506700601754,16.188154127819477,16,-19.066410720962807
奈良,2022,5251,35.50260287463157,1362781.0,0.14753857195183245,14.125038022787404,16,2.3606171512293193
宮城,2022,9897,20.37070067118007,2303098.0,-0.9961288328319627,14.64976573108895,16,-15.938061325311404
宮崎,2022,3645,50.01463976760754,1103755.0,1.244356628820509,13.914228560901371,16,19.909706061128144
富山,2022,3929,43.294721943217034,1063293.0,0.7364660229171697,13.876881254339034,16,11.783456366674715
山口,2022,3845,38.18173809978662,1383079.0,0.35002729999284743,14.139822731213604,16,5.600436799885559
山形,2022,2885,38.47504315257469,1095383.0,0.37219526169534867,13.906614631766379,16,5.955124187125579
山梨,2022,2890,61.35151765963628,832769.0,2.1011965384896256,13.632511571766825,16,33.61914461583401
岐阜,2022,9654,34.803978168759436,2044114.0,0.09473659811272184,14.530475001744605,16,1.5157855698035494
岡山,2022,8007,34.5186564779249,1911722.0,0.07317201797613941,14.463514964532704,16,1.1707522876182306
岩手,2022,2655,37.59918131481275,1250142.0,0.3059977260865155,14.038767702826492,16,4.895963617384248
島根,2022,1834,42.33789124458688,686126.0,0.6641488702415322,13.438816563311503,16,10.626381923864516
広島,2022,12147,41.40092484685926,2838632.0,0.593333059112754,14.85883280394658,16,9.493328945804064
徳島,2022,2256,47.73623829676473,750519.0,1.072155311221455,13.528520246190894,16,17.15448497954328
愛媛,2022,5970,57.21635612050778,1381761.0,1.7886615113508608,14.138869330582946,16,28.618584181613773
愛知,2022,41248,10.883867203704943,15130618.0,-1.7131426005318728,16.532230930931686,16,-27.410281608509965
新潟,2022,7433,38.591502737018445,2259309.0,0.3809972635132434,14.630569572284342,16,6.095956216211895
東京,2022,78475,16.955522243991485,27481464.0,-1.2542476202905202,17.129022299008525,16,-20.067961924648323
栃木,2022,8883,18.515072814739696,1976121.0,-1.136376969932374,14.49664639023299,16,-18.182031518917984
沖縄,2022,6776,17.74619335350651,1475800.0,-1.1944887899928782,14.204710773606402,16,-19.11182063988605
滋賀,2022,6830,21.63035830865412,1420080.0,-0.9009240554155826,14.166223766018685,16,-14.414784886649322
熊本,2022,4944,35.4484955253761,1780079.0,0.14344914480178017,14.392168303305887,16,2.2951863168284827
石川,2022,3842,23.969825602776154,1145948.0,-0.7241073900108305,13.951742800009185,16,-11.585718240173287
神奈川,2022,36575,25.07439573979091,14462286.0,-0.6406241078023847,16.48705485348609,16,-10.249985724838155
福井,2022,2664,50.37581488422377,786503.0,1.2716542020363042,13.575351815840646,16,20.346467232580867
福岡,2022,28773,23.005781585190512,4546317.0,-0.7969697244923494,15.329828012595692,16,-12.75151559187759
福島,2022,6913,31.14665666094769,1901053.0,-0.18168333515547966,14.457918501145048,16,-2.9069333624876745
秋田,2022,1871,31.544540536562607,1000223.0,-0.15161131821328477,13.81573353310347,16,-2.4257810914125564
群馬,2022,10159,35.37874920856942,1981202.0,0.13817772630706265,14.49921428918491,16,2.2108436209130025
茨城,2022,15986,8.279642799800818,2936184.0,-1.909969577434242,14.892621337052569,16,-30.559513238947872
長崎,2022,3244,37.30671146027262,1365391.0,0.28389288857024414,14.126951392469568,16,4.542286217123906
長野,2022,6635,56.24581769386356,2101891.0,1.7153083301896734,14.558347973698664,16,27.444933283034775
青森,2022,3462,25.077956956509244,1292709.0,-0.6403549514579032,14.072250574420002,16,-10.245679223326452
静岡,2022,14269,36.26075695912359,3624152.0,0.20483976928837402,15.103130887870297,16,3.2774363086139844
香川,2022,4173,31.986803916123705,987336.0,-0.11818510353564957,13.80276568601591,16,-1.890961656570393
高知,2022,2723,63.17883649415797,717480.0,2.239305083013082,13.48350035166295,16,35.82888132820931
鳥取,2022,2017,37.65155750378689,566052.0,0.3099563123442864,13.246441225756794,16,4.959300997508582
鹿児島,2022,5113,34.11404146783006,1643437.0,0.04259126267452362,14.312300338525404,16,0.681460202792378
三重,2023,9955,34.85373994116153,1824637.0,0.09849758707071035,14.416891621105094,17,1.674458980202076
京,2023,11885,31.26978706868641,2555068.0,-0.17237715329049316,14.753589395747191,17,-2.930411605938384
佐賀,2023,3750,27.415622237567113,828781.0,-0.46367448199050065,13.627711225514156,17,-7.882466193838511
兵庫,2023,37267,33.43276950065225,5570618.0,-0.008899193196680871,15.533016557274834,17,-0.1512862843435748
千葉,2023,37538,7.7578900082776,6311190.0,-1.9494035926028013,15.657834806277036,17,-33.13986107424762
和歌山,2023,4028,46.4366610498149,964598.0,0.9739334143738684,13.779466713216559,17,16.556868044355763
埼玉,2023,49653,12.19376327999905,7377288.0,-1.614140807765194,15.813916649364657,17,-27.440393732008296
大分,2023,2993,39.00662127000445,1160218.0,0.4123718738506981,13.964118476460206,17,7.010321855461868
大阪,2023,80148,17.783744614549438,10725709.0,-1.1916506700601754,16.188154127819477,17,-20.258061391022984
奈良,2023,5852,35.50260287463157,1362781.0,0.14753857195183245,14.125038022787404,17,2.5081557231811518
宮城,2023,11583,20.37070067118007,2303098.0,-0.9961288328319627,14.64976573108895,17,-16.934190158143366
宮崎,2023,4214,50.01463976760754,1103755.0,1.244356628820509,13.914228560901371,17,21.154062689948653
富山,2023,4501,43.294721943217034,1063293.0,0.7364660229171697,13.876881254339034,17,12.519922389591885
山口,2023,4186,38.18173809978662,1383079.0,0.35002729999284743,14.139822731213604,17,5.950464099878406
山形,2023,2980,38.47504315257469,1095383.0,0.37219526169534867,13.906614631766379,17,6.327319448820927
山梨,2023,3365,61.35151765963628,832769.0,2.1011965384896256,13.632511571766825,17,35.720341154323634
岐阜,2023,11919,34.803978168759436,2044114.0,0.09473659811272184,14.530475001744605,17,1.6105221679162711
岡山,2023,9230,34.5186564779249,1911722.0,0.07317201797613941,14.463514964532704,17,1.24392430559437
岩手,2023,2856,37.59918131481275,1250142.0,0.3059977260865155,14.038767702826492,17,5.201961343470764
島根,2023,1956,42.33789124458688,686126.0,0.6641488702415322,13.438816563311503,17,11.290530794106049
広島,2023,14188,41.40092484685926,2838632.0,0.593333059112754,14.85883280394658,17,10.086662004916818
徳島,2023,2673,47.73623829676473,750519.0,1.072155311221455,13.528520246190894,17,18.226640290764735
愛媛,2023,6809,57.21635612050778,1381761.0,1.7886615113508608,14.138869330582946,17,30.407245692964633
愛知,2023,46832,10.883867203704943,15130618.0,-1.7131426005318728,16.532230930931686,17,-29.12342420904184
新潟,2023,8672,38.591502737018445,2259309.0,0.3809972635132434,14.630569572284342,17,6.476953479725138
東京,2023,89098,16.955522243991485,27481464.0,-1.2542476202905202,17.129022299008525,17,-21.322209544938843
栃木,2023,11932,18.515072814739696,1976121.0,-1.136376969932374,14.49664639023299,17,-19.31840848885036
沖縄,2023,9124,17.74619335350651,1475800.0,-1.1944887899928782,14.204710773606402,17,-20.30630942987893
滋賀,2023,7771,21.63035830865412,1420080.0,-0.9009240554155826,14.166223766018685,17,-15.315708942064905
熊本,2023,6174,35.4484955253761,1780079.0,0.14344914480178017,14.392168303305887,17,2.438635461630263
石川,2023,4775,23.969825602776154,1145948.0,-0.7241073900108305,13.951742800009185,17,-12.309825630184118
神奈川,2023,43846,25.07439573979091,14462286.0,-0.6406241078023847,16.48705485348609,17,-10.89060983264054
福井,2023,2840,50.37581488422377,786503.0,1.2716542020363042,13.575351815840646,17,21.618121434617173
福岡,2023,33284,23.005781585190512,4546317.0,-0.7969697244923494,15.329828012595692,17,-13.54848531636994
福島,2023,8003,31.14665666094769,1901053.0,-0.18168333515547966,14.457918501145048,17,-3.0886166976431544
秋田,2023,2403,31.544540536562607,1000223.0,-0.15161131821328477,13.81573353310347,17,-2.5773924096258414
群馬,2023,13326,35.37874920856942,1981202.0,0.13817772630706265,14.49921428918491,17,2.349021347220065
茨城,2023,19767,8.279642799800818,2936184.0,-1.909969577434242,14.892621337052569,17,-32.46948281638211
長崎,2023,3786,37.30671146027262,1365391.0,0.28389288857024414,14.126951392469568,17,4.82617910569415
長野,2023,7769,56.24581769386356,2101891.0,1.7153083301896734,14.558347973698664,17,29.16024161322445
青森,2023,4815,25.077956956509244,1292709.0,-0.6403549514579032,14.072250574420002,17,-10.886034174784355
静岡,2023,15612,36.26075695912359,3624152.0,0.20483976928837402,15.103130887870297,17,3.4822760779023585
香川,2023,5761,31.986803916123705,987336.0,-0.11818510353564957,13.80276568601591,17,-2.0091467601060424
高知,2023,3179,63.17883649415797,717480.0,2.239305083013082,13.48350035166295,17,38.06818641122239
鳥取,2023,2100,37.65155750378689,566052.0,0.3099563123442864,13.246441225756794,17,5.269257309852868
鹿児島,2023,6721,34.11404146783006,1643437.0,0.04259126267452362,14.312300338525404,17,0.7240514654669016
