발생년도,경찰서,살인,강도,절도,폭력,tri,elevation,elev_std,elev_range,crime_name,lat,lon,province,log_tri,tri_within,total_crime,province_full,province_pop,province_area,province_density,n_stations,station_pop_estimate,log_pop,theft_rate,violence_rate,total_rate,district_pop,district_density,district_matched,final_pop,final_density,grdp_pc,median_age,young_male_ratio,unemployment,elderly_ratio
2024,서울중부서,3,1,820,874,197.5911741708568,57.0,86.3555369879686,481.0,서울중부서,37.563626,126.9898061,서울,5.291248310396269,-0.171693072276706,1698,서울특별시,9411000,605,15555.371900826449,31,303580.6451612903,12.62340257135578,270.10944639251943,287.89714164275847,559.3241950908512,127000.0,12751.0,True,127000.0,12751.0,125.0,47.2,0.105,3.2,0.183
2024,서울종로서,1,4,641,782,223.4923501602416,41.0,94.75026898935889,529.0,서울종로서,37.5755363,126.9848812,서울,5.413841631591683,0.2198643983030267,1428,서울특별시,9411000,605,15555.371900826449,31,303580.6451612903,12.62340257135578,211.1465306556158,257.5921793645734,470.3857188396557,143000.0,5981.0,True,143000.0,5981.0,98.0,46.5,0.108,3.2,0.183
2024,서울남대문서,2,4,578,496,165.8704076812609,39.0,82.48169675909382,539.0,서울남대문서,37.5490098,126.9685671,서울,5.117217509262802,-0.6512274029421112,1080,서울특별시,9411000,605,15555.371900826449,31,303580.6451612903,12.62340257135578,190.39421953033687,163.3832748910849,355.7539050047817,127000.0,12751.0,True,127000.0,12751.0,125.0,47.2,0.105,3.2,0.183
2024,서울서대문서,3,0,1014,906,165.8704076812609,39.0,82.48169675909382,539.0,서울서대문서,37.5490098,126.9685671,서울,5.117217509262802,-0.6512274029421112,1923,서울특별시,9411000,605,15555.371900826449,31,303580.6451612903,12.62340257135578,334.0133885878228,298.43799808734457,633.4395919668474,302000.0,17149.0,True,302000.0,17149.0,47.2,43.5,0.128,3.2,0.183
2024,서울혜화서,1,1,542,584,236.81538822914493,62.0,96.5808047794791,572.0,서울혜화서,37.5784461,127.013384,서울,5.471494692966833,0.4212735964350059,1128,서울특별시,9411000,605,15555.371900826449,31,303580.6451612903,12.62340257135578,178.53575603017745,192.3706301136968,371.5651896716609,143000.0,5981.0,True,143000.0,5981.0,98.0,46.5,0.108,3.2,0.183
2024,서울용산서,10,4,1082,1959,150.9268583394046,50.0,74.336666243373,513.0,서울용산서,37.5491151,126.9784616,서울,5.023399209899248,-0.8771344576711603,3055,서울특별시,9411000,605,15555.371900826449,31,303580.6451612903,12.62340257135578,356.4127085325683,645.2980554670067,1006.3223886940814,222000.0,10151.0,True,222000.0,10151.0,52.0,44.8,0.118,3.2,0.183
2024,서울성북서,1,0,502,593,248.9368541101422,36.0,99.43042793066842,503.0,서울성북서,37.5897183,127.0162484,서울,5.521208302398216,0.6045181920482321,1096,서울특별시,9411000,605,15555.371900826449,31,303580.6451612903,12.62340257135578,165.35968547444483,195.33524598873657,361.0243332270748,420000.0,17094.0,True,420000.0,17094.0,32.0,43.5,0.125,3.2,0.183
2024,서울동대문서,7,4,1617,1463,228.9470505707563,40.0,92.4830314766504,476.0,서울동대문서,37.5851376,127.0457718,서울,5.43784906750992,0.3023250825741459,3091,서울특별시,9411000,605,15555.371900826449,31,303580.6451612903,12.62340257135578,532.6426522154926,481.9147805759218,1018.1808521942409,335000.0,23575.0,True,335000.0,23575.0,35.0,44.2,0.122,3.2,0.183
2024,서울마포서,4,4,1471,1909,148.20619764434454,25.0,77.22613898939838,450.0,서울마포서,37.564346,126.908555,서울,5.005329226078144,-0.9182636720550942,3388,서울특별시,9411000,605,15555.371900826449,31,303580.6451612903,12.62340257135578,484.5499946870684,628.8279672723409,1116.0131760705558,369000.0,15479.0,True,369000.0,15479.0,48.0,41.2,0.142,3.2,0.183
2024,서울영등포서,11,6,1791,2075,144.71113800938326,21.0,69.66560230042158,308.0,서울영등포서,37.5135448,126.8976623,서울,4.98162615509329,-0.9710997560518836,3883,서울특별시,9411000,605,15555.371900826449,31,303580.6451612903,12.62340257135578,589.9585591329296,683.5086600786315,1279.067049197747,375000.0,15275.0,True,375000.0,15275.0,65.0,43.8,0.122,3.2,0.183
2024,서울성동서,5,3,966,1029,187.3297511284865,29.0,93.99263186706696,571.0,서울성동서,37.561716,127.036215,서울,5.2381944217407295,-0.326818725747644,2003,서울특별시,9411000,605,15555.371900826449,31,303580.6451612903,12.62340257135578,318.2021039209436,338.9544150462225,659.7917330783126,289000.0,17151.0,True,289000.0,17151.0,45.0,42.5,0.128,3.2,0.183
2024,서울동작서,1,1,1085,1187,180.41711044325683,28.0,73.50828364246003,447.0,서울동작서,37.5131206,126.9427972,서울,5.200798857616767,-0.4313196218785526,2274,서울특별시,9411000,605,15555.371900826449,31,303580.6451612903,12.62340257135578,357.4009138242483,390.9998937413665,749.0596110934014,380000.0,23242.0,True,380000.0,23242.0,35.0,42.5,0.128,3.2,0.183
2024,서울광진서,2,6,1320,1307,173.9370039164907,29.0,103.88740490273194,631.0,서울광진서,37.5428639,127.0838896,서울,5.164425931495964,-0.5292817422760066,2635,서울특별시,9411000,605,15555.371900826449,31,303580.6451612903,12.62340257135578,434.8103283391776,430.5281054085645,867.9736478588886,336000.0,19695.0,True,336000.0,19695.0,38.0,40.8,0.138,3.2,0.183
2024,서울서부서,4,1,722,758,223.2793619880792,26.0,104.92025989213406,476.0,서울서부서,37.6020381,126.9212474,서울,5.412892426539812,0.2166445788635735,1485,서울특별시,9411000,605,15555.371900826449,31,303580.6451612903,12.62340257135578,237.8280735309744,249.6865370311338,489.1616193815748,462000.0,15549.0,True,462000.0,15549.0,47.2,43.5,0.128,3.2,0.183
2024,서울강북서,6,0,970,1171,353.6293818244432,36.0,125.22398526966003,570.0,서울강북서,37.616303,127.0303,서울,5.871073249272468,2.187193100601058,2147,서울특별시,9411000,605,15555.371900826449,31,303580.6451612903,12.62340257135578,319.5197109765169,385.7294655190734,707.2255870789502,296000.0,12542.0,True,296000.0,12542.0,25.0,46.2,0.108,3.2,0.183
2024,서울금천서,7,3,886,992,175.5483103434138,28.0,73.06111924445347,386.0,서울금천서,37.4571667,126.896652,서울,5.17359455191463,-0.5049230386745392,1888,서울특별시,9411000,605,15555.371900826449,31,303580.6451612903,12.62340257135578,291.8499628094783,326.7665497821698,621.9105302305813,224000.0,17218.0,True,224000.0,17218.0,48.0,44.5,0.118,3.2,0.183
2024,서울중랑서,5,2,1437,1582,210.2562659693244,48.0,115.51555707449434,609.0,서울중랑서,37.6185399,127.1044858,서울,5.353071927190644,0.0197697134786784,3026,서울특별시,9411000,605,15555.371900826449,31,303580.6451612903,12.62340257135578,473.3503347146956,521.1135904792264,996.7697375411752,381000.0,20595.0,True,381000.0,20595.0,28.0,44.8,0.118,3.2,0.183
2024,서울강남서,8,12,1123,2103,175.9560659247199,27.0,89.30151143810679,380.0,서울강남서,37.509338,127.0670851,서울,5.175901486648782,-0.4987588496780079,3246,서울특별시,9411000,605,15555.371900826449,31,303580.6451612903,12.62340257135578,369.9181808521943,692.7319094676443,1069.238125597705,524000.0,13249.0,True,524000.0,13249.0,95.0,42.8,0.128,3.2,0.183
2024,서울관악서,4,3,1971,2169,204.19495812018664,86.0,77.83567118346836,321.0,서울관악서,37.4744307,126.9512477,서울,5.323960542430361,-0.0718612754303247,4147,서울특별시,9411000,605,15555.371900826449,31,303580.6451612903,12.62340257135578,649.2508766337265,714.4724258846031,1366.0291148655829,480000.0,16233.0,True,480000.0,16233.0,28.0,39.8,0.148,3.2,0.183
2024,서울강서서,5,6,1670,2056,68.0501696679672,17.0,28.97806748321441,161.0,서울강서서,37.5623742,126.8083173,서울,4.234833337027767,-2.130011415825938,3737,서울특별시,9411000,605,15555.371900826449,31,303580.6451612903,12.62340257135578,550.1009457018383,677.2500265646585,1230.974391669323,565000.0,13638.0,True,565000.0,13638.0,47.2,43.5,0.128,3.2,0.183
2024,서울강동서,3,4,1662,1517,214.27634921428736,26.0,92.58904849184329,428.0,서울강동서,37.5298016,127.1243425,서울,5.371922547961439,0.0805427697894335,3186,서울특별시,9411000,605,15555.371900826449,31,303580.6451612903,12.62340257135578,547.4657315906918,499.7024758261609,1049.4740197641058,440000.0,17893.0,True,440000.0,17893.0,35.0,42.2,0.128,3.2,0.183
2024,서울종암서,2,1,382,557,255.8185167732829,30.0,113.6564197068882,500.0,서울종암서,37.6099756,127.0514688,서울,5.548369675031271,0.708550782184938,942,서울특별시,9411000,605,15555.371900826449,31,303580.6451612903,12.62340257135578,125.83147380724684,183.4767824885772,310.296461587504,420000.0,17094.0,True,420000.0,17094.0,32.0,43.5,0.125,3.2,0.183
2024,서울구로서,7,0,1572,1613,161.30605696059283,21.0,71.2784639128235,451.0,서울구로서,37.494911,126.8866503,서울,5.089483793359573,-0.7202283480635231,3192,서울특별시,9411000,605,15555.371900826449,31,303580.6451612903,12.62340257135578,517.8195728402934,531.3250451599192,1051.4504303474655,394000.0,19582.0,True,394000.0,19582.0,42.0,43.2,0.125,3.2,0.183
2024,서울서초서,9,3,1309,1444,200.0576470308616,53.0,69.73998347379037,361.0,서울서초서,37.4955822,127.0053169,서울,5.303591668088053,-0.1344065075773721,2765,서울특별시,9411000,605,15555.371900826449,31,303580.6451612903,12.62340257135578,431.1869089363511,475.6561470619488,910.7958771650198,407000.0,8665.0,True,407000.0,8665.0,47.2,43.5,0.128,3.2,0.183
2024,서울양천서,4,1,1518,1368,110.57174941321227,18.0,56.00634666933603,266.0,서울양천서,37.5166702,126.8656467,서울,4.714667876442832,-1.4871972742237902,2891,서울특별시,9411000,605,15555.371900826449,31,303580.6451612903,12.62340257135578,500.0318775900542,450.6216130060568,952.3004994155776,430000.0,24713.0,True,430000.0,24713.0,32.0,43.5,0.122,3.2,0.183
2024,서울송파서,6,3,2502,2348,237.83270658364023,41.0,98.49749768004412,477.0,서울송파서,37.5020332,127.1270483,서울,5.475763334383025,0.4366527669338191,4859,서울특별시,9411000,605,15555.371900826449,31,303580.6451612903,12.62340257135578,824.1632132610775,773.4353416215068,1600.563170757624,653000.0,19278.0,True,653000.0,19278.0,52.0,41.5,0.132,3.2,0.183
2024,서울노원서,7,3,1508,1437,318.26239099226154,38.0,116.8003584375431,531.0,서울노원서,37.6423826,127.0714121,서울,5.766013306977811,1.6525374742333163,2955,서울특별시,9411000,605,15555.371900826449,31,303580.6451612903,12.62340257135578,496.737859951121,473.3503347146956,973.38221230475,498000.0,14051.0,True,498000.0,14051.0,24.0,44.2,0.118,3.2,0.183
2024,서울방배서,1,2,276,380,221.68128114076703,21.0,84.04071780784041,397.0,서울방배서,37.4813806,126.9829974,서울,5.4057415165804485,0.1924858111453851,659,서울특별시,9411000,605,15555.371900826449,31,303580.6451612903,12.62340257135578,90.91488683455532,125.1726702794602,217.07576240569543,407000.0,8665.0,True,407000.0,8665.0,85.0,43.2,0.125,3.2,0.183
2024,서울은평서,5,0,795,800,289.4387970874776,65.0,116.11588979474683,521.0,서울은평서,37.6283978,126.9284728,서울,5.671392872813198,1.2168007522018525,1600,서울특별시,9411000,605,15555.371900826449,31,303580.6451612903,12.62340257135578,261.8744022951865,263.52141111465306,527.0428222293061,462000.0,15549.0,True,462000.0,15549.0,28.0,45.5,0.112,3.2,0.183
2024,서울도봉서,7,0,800,861,392.94086000708586,33.0,122.40327779216582,574.0,서울도봉서,37.653659,127.0525779,서울,5.976200796526717,2.781478972727264,1668,서울특별시,9411000,605,15555.371900826449,31,303580.6451612903,12.62340257135578,263.52141111465306,283.61491871214537,549.4421421740517,310000.0,14976.0,True,310000.0,14976.0,26.0,45.8,0.105,3.2,0.183
2024,서울수서서,8,5,974,1234,211.25146987236965,22.0,99.39607915680156,459.0,서울수서서,37.4935909,127.0771583,서울,5.35777175036121,0.0348145717950414,2221,서울특별시,9411000,605,15555.371900826449,31,303580.6451612903,12.62340257135578,320.83731803209014,406.4817766443524,731.6013176070556,524000.0,13249.0,True,524000.0,13249.0,47.2,43.5,0.128,3.2,0.183
2024,부산중부서,1,1,571,644,211.5009703085985,24.0,85.5454878012748,498.0,부산중부서,35.1072303,129.0358104,부산,5.3589465545121575,-0.7455411468991405,1217,부산광역시,3293000,770,4276.623376623376,15,219533.3333333333,12.299259360256292,260.0971758275129,293.3495293045855,554.3577285150318,41000.0,14539.0,True,41000.0,14539.0,85.0,49.5,0.092,3.5,0.217
2024,부산동래서,3,4,1264,1097,301.46180236591255,12.0,93.79454111349798,469.0,부산동래서,35.1299725,129.0492088,부산,5.711954996327231,0.0622298488051671,2368,부산광역시,3293000,770,4276.623376623376,15,219533.3333333333,12.299259360256292,575.766778013969,499.6963255390221,1078.6516853932585,263000.0,15824.0,True,263000.0,15824.0,35.0,45.8,0.112,3.5,0.217
2024,부산영도서,2,1,443,488,258.5032712831074,6.0,88.9019760599031,409.0,부산영도서,35.093763,129.0366899,부산,5.5587693086270935,-0.3235008590282619,934,부산광역시,3293000,770,4276.623376623376,15,219533.3333333333,12.299259360256292,201.7916793197692,222.28970543577285,425.4479198299423,103000.0,7290.0,True,103000.0,7290.0,32.0,52.8,0.078,3.5,0.217
2024,부산동부서,2,5,572,730,301.46180236591255,12.0,93.79454111349798,469.0,부산동부서,35.1299725,129.0492088,부산,5.711954996327231,0.0622298488051671,1309,부산광역시,3293000,770,4276.623376623376,15,219533.3333333333,12.299259360256292,260.55268751897967,332.52353477072575,596.2648041299726,81000.0,8325.0,True,81000.0,8325.0,42.0,50.2,0.088,3.5,0.217
2024,부산진서,4,8,2677,2852,398.15766423969,24.0,129.070261676816,566.0,부산진서,35.1628,129.0542,부산,5.989356487309668,0.9304756268845068,5541,부산광역시,3293000,770,4276.623376623376,15,219533.3333333333,12.299259360256292,1219.4047980564833,1299.119344063164,2523.9902824172486,347000.0,11684.0,True,347000.0,11684.0,45.0,46.2,0.108,3.5,0.217
2024,부산서부서,3,1,662,471,226.917363500233,27.0,78.88971386187399,349.0,부산서부서,35.107429,129.018802,부산,5.428983122468452,-0.6071151786884202,1137,부산광역시,3293000,770,4276.623376623376,15,219533.3333333333,12.299259360256292,301.5487397509869,214.54600668083813,517.9167931976921,101000.0,7271.0,True,101000.0,7271.0,29.8,46.8,0.108,3.5,0.217
2024,부산남부서,6,1,1435,1822,328.72954012843485,110.0,106.61983282539266,432.0,부산남부서,35.1530548,129.0896248,부산,5.798272743056637,0.3070707109817617,3264,부산광역시,3293000,770,4276.623376623376,15,219533.3333333333,12.299259360256292,653.6592772547829,829.9423018524143,1486.7901609474643,259000.0,9660.0,True,259000.0,9660.0,38.0,47.5,0.102,3.5,0.217
2024,부산해운대서,2,1,1672,1398,205.2653246273656,11.0,104.57002927564837,545.0,부산해운대서,35.1631,129.1635,부산,5.3291633236781815,-0.8015318887097514,3073,부산광역시,3293000,770,4276.623376623376,15,219533.3333333333,12.299259360256292,761.615548132402,636.8053446705131,1399.7874278773154,399000.0,7756.0,True,399000.0,7756.0,42.0,43.5,0.125,3.5,0.217
2024,부산사상서,5,1,797,1070,260.52682366864786,5.0,92.6767535210132,370.0,부산사상서,35.1525,128.9831,부산,5.56653685441514,-0.3053310968334605,1873,부산광역시,3293000,770,4276.623376623376,15,219533.3333333333,12.299259360256292,363.0428180989978,487.39750986941993,853.1733981172183,203000.0,5630.0,True,203000.0,5630.0,45.0,46.2,0.108,3.5,0.217
2024,부산금정서,4,4,878,860,521.3686039413033,24.0,143.73964804379162,523.0,부산금정서,35.243,129.0919,부산,6.258373476503223,2.0368040274602977,1746,부산광역시,3293000,770,4276.623376623376,15,219533.3333333333,12.299259360256292,399.9392651078044,391.74005466140295,795.3234133009414,226000.0,3468.0,True,226000.0,3468.0,28.0,45.2,0.118,3.5,0.217
2024,부산사하서,5,3,953,1220,137.25565729308963,12.0,58.407977586586746,282.0,부산사하서,35.0856519,128.9783168,부산,4.929104560310889,-1.4122002812066876,2181,부산광역시,3293000,770,4276.623376623376,15,219533.3333333333,12.299259360256292,434.10264196781054,555.7242635894321,993.4709990889766,293000.0,7034.0,True,293000.0,7034.0,32.0,46.8,0.105,3.5,0.217
2024,부산연제서,6,4,1056,1307,425.3693863197201,36.0,140.33251821421592,608.0,부산연제서,35.182575,129.1045776,부산,6.055306074588742,1.1748135163496778,2373,부산광역시,3293000,770,4276.623376623376,15,219533.3333333333,12.299259360256292,481.0203461888855,595.3537807470392,1080.929243850592,199000.0,16473.0,True,199000.0,16473.0,35.0,44.5,0.118,3.5,0.217
2024,부산강서서,3,2,446,621,162.49684889089667,7.0,84.97755874356926,385.0,부산강서서,35.1164699,128.9062654,부산,5.096793717313032,-1.185556062790234,1072,부산광역시,3293000,770,4276.623376623376,15,219533.3333333333,12.299259360256292,203.15821439416945,282.87276040085027,488.3085332523535,137000.0,755.0,True,137000.0,755.0,29.8,46.8,0.108,3.5,0.217
2024,부산북부서,5,2,1137,890,451.20972646680303,17.0,138.2831928565861,552.0,부산북부서,35.2301141,129.0093531,부산,6.114146068827063,1.406837574071253,2034,부산광역시,3293000,770,4276.623376623376,15,219533.3333333333,12.299259360256292,517.9167931976921,405.4054054054054,926.5107804433646,282000.0,7363.0,True,282000.0,7363.0,28.0,44.8,0.115,3.5,0.217
2024,부산기장서,1,1,450,660,227.74489694523032,31.0,109.5564542794602,441.0,부산기장서,35.2447,129.2225,부산,5.432607395470642,-0.5996846392018775,1112,부산광역시,3293000,770,4276.623376623376,15,219533.3333333333,12.299259360256292,204.98026116003643,300.6377163680534,506.5290009110233,192000.0,880.0,True,192000.0,880.0,38.0,43.8,0.122,3.5,0.217
2024,대구중부서,2,1,1175,997,276.65847434628535,47.0,118.1307545538746,573.0,대구중부서,35.8718293,128.5904944,대구,5.626391848908442,-0.1796883096325855,2175,대구광역시,2353000,883,2664.779161947905,11,213909.0909090909,12.27330639491113,549.2987675308117,466.08584785380367,1016.787080322992,,,False,213909.0909090909,2664.779161947905,26.5,45.2,0.112,3.3,0.195
2024,대구동부서,4,9,1244,1650,346.8277116592932,55.0,137.1861851015475,558.0,대구동부서,35.873552,128.720647,대구,5.851707275742382,1.1859968280589983,2907,대구광역시,2353000,883,2664.779161947905,11,213909.0909090909,12.27330639491113,581.5554611134721,771.3557161070972,1358.9885252868678,,,False,213909.0909090909,2664.779161947905,26.5,45.2,0.112,3.3,0.195
2024,대구서부서,3,2,1046,973,236.4714407095362,33.0,116.13123590862882,674.0,대구서부서,35.871516,128.5582208,대구,5.4700473666000695,-0.9618378194070916,2024,대구광역시,2353000,883,2664.779161947905,11,213909.0909090909,12.27330639491113,488.99277518062047,454.8661283467913,946.1963450913728,,,False,213909.0909090909,2664.779161947905,26.5,45.2,0.112,3.3,0.195
2024,대구남부서,0,0,676,765,336.7933285862411,81.0,164.34630130313096,582.0,대구남부서,35.8429297,128.5835917,대구,5.822434254581992,0.9907003084796008,1441,대구광역시,2353000,883,2664.779161947905,11,213909.0909090909,12.27330639491113,316.0220994475138,357.62855928601783,673.6506587335316,,,False,213909.0909090909,2664.779161947905,26.5,45.2,0.112,3.3,0.195
2024,대구북부서,2,1,854,788,264.48238015224024,32.0,120.6365831130225,506.0,대구북부서,35.8861304,128.5829092,대구,5.581548473704765,-0.4166683811383304,1645,대구광역시,2353000,883,2664.779161947905,11,213909.0909090909,12.27330639491113,399.2350191245219,368.380790480238,769.0182745431365,,,False,213909.0909090909,2664.779161947905,26.5,45.2,0.112,3.3,0.195
2024,대구수성서,8,0,1011,1414,370.573929120097,59.0,167.70868861558418,715.0,대구수성서,35.8581928,128.6317649,대구,5.917747846028779,1.6481631206460252,2433,대구광역시,2353000,883,2664.779161947905,11,213909.0909090909,12.27330639491113,472.63068423289417,661.0284742881428,1137.3990650233743,,,False,213909.0909090909,2664.779161947905,26.5,45.2,0.112,3.3,0.195
2024,대구달서서,4,0,975,911,321.6088435923253,51.0,182.1222700879899,732.0,대구달서서,35.8285,128.5328,대구,5.776440578806764,0.6951687297738495,1890,대구광역시,2353000,883,2664.779161947905,11,213909.0909090909,12.27330639491113,455.8011049723757,425.8818529536762,883.5529111772206,,,False,213909.0909090909,2664.779161947905,26.5,45.2,0.112,3.3,0.195
2024,대구성서서,4,1,987,1270,239.63792626375127,38.0,132.41788614324244,615.0,대구성서서,35.853031,128.508901,대구,5.483293423136874,-0.9002093561986856,2262,대구광역시,2353000,883,2664.779161947905,11,213909.0909090909,12.27330639491113,461.41096472588185,593.7101572460689,1057.4585635359117,,,False,213909.0909090909,2664.779161947905,26.5,45.2,0.112,3.3,0.195
2024,대구달성서,4,0,907,778,239.63792626375127,38.0,132.41788614324244,615.0,대구달성서,35.853031,128.508901,대구,5.483293423136874,-0.9002093561986856,1689,대구광역시,2353000,883,2664.779161947905,11,213909.0909090909,12.27330639491113,424.0118997025075,363.70590735231616,789.5877603059924,,,False,213909.0909090909,2664.779161947905,26.5,45.2,0.112,3.3,0.195
2024,대구강북서,2,1,692,785,292.1299794697976,45.0,182.22675978826337,819.0,대구강북서,35.943408,128.5656383,대구,5.680616126586484,0.1214294652499838,1480,대구광역시,2353000,883,2664.779161947905,11,213909.0909090909,12.27330639491113,323.50191245218866,366.9783255418615,691.8827029324267,,,False,213909.0909090909,2664.779161947905,26.5,45.2,0.112,3.3,0.195
2024,대구군위서,0,0,93,79,219.9780012440859,106.0,61.19347984310617,252.0,대구군위서,36.2428,128.5728,대구,5.398063154681167,-1.282845229633078,172,대구광역시,2353000,883,2664.779161947905,11,213909.0909090909,12.27330639491113,43.476413089672754,36.93157671058224,80.407989800255,,,False,213909.0909090909,2664.779161947905,26.5,45.2,0.112,3.3,0.195
2024,인천중부서,6,4,1013,1209,43.23144476746159,9.0,42.050821691594464,238.0,인천중부서,37.5306712,126.3387889,인천,3.789435956222662,-1.0154208607431348,2232,인천광역시,2989000,1063,2811.8532455315144,10,298900.0,12.60786434827203,338.90933422549347,404.4831047172967,746.7380394780863,,,False,298900.0,2811.8532455315144,31.2,42.8,0.125,3.4,0.163
2024,인천미추홀서,14,8,1444,2395,52.662867998139646,10.0,29.24843264819779,180.0,인천미추홀서,37.4427187,126.6536509,인천,3.982721291167783,-0.8425178127730595,3861,인천광역시,2989000,1063,2811.8532455315144,10,298900.0,12.60786434827203,483.1047172967548,801.2713282034125,1291.7363666778183,,,False,298900.0,2811.8532455315144,31.2,42.8,0.125,3.4,0.163
2024,인천남동서,6,3,814,1337,66.6015050305295,16.0,24.99355198053223,132.0,인천남동서,37.4418873,126.7074578,인천,4.213630246566313,-0.5869855597394413,2160,인천광역시,2989000,1063,2811.8532455315144,10,298900.0,12.60786434827203,272.3318835731014,447.3067915690866,722.6497156239545,,,False,298900.0,2811.8532455315144,31.2,42.8,0.125,3.4,0.163
2024,인천부평서,2,6,1050,1104,127.92429617937304,14.0,37.831157317133,252.0,인천부평서,37.5081882,126.7191237,인천,4.859225380774346,0.537224142268081,2162,인천광역시,2989000,1063,2811.8532455315144,10,298900.0,12.60786434827203,351.288056206089,369.35429909668784,723.3188357310137,,,False,298900.0,2811.8532455315144,31.2,42.8,0.125,3.4,0.163
2024,인천서부서,8,6,1357,2122,86.74025431092818,35.0,29.22498904633535,130.0,인천서부서,37.5444258,126.6784138,인천,4.474380794194412,-0.2177887749360776,3493,인천광역시,2989000,1063,2811.8532455315144,10,298900.0,12.60786434827203,453.9979926396788,709.9364335898294,1168.6182669789227,,,False,298900.0,2811.8532455315144,31.2,42.8,0.125,3.4,0.163
2024,인천계양서,4,1,825,1152,108.16332744290212,9.0,33.76911754550095,204.0,인천계양서,37.5375,126.7375,인천,4.692845177630072,0.1749530786322749,1982,인천광역시,2989000,1063,2811.8532455315144,10,298900.0,12.60786434827203,276.01204416192707,385.413181666109,663.0980260956842,,,False,298900.0,2811.8532455315144,31.2,42.8,0.125,3.4,0.163
2024,인천강화서,1,0,168,312,231.71184512167807,15.0,60.39622259465988,310.0,인천강화서,37.747,126.4878,인천,5.449800971985137,2.439925687364343,481,인천광역시,2989000,1063,2811.8532455315144,10,298900.0,12.60786434827203,56.20608899297424,104.38273670123787,160.92338574774172,,,False,298900.0,2811.8532455315144,31.2,42.8,0.125,3.4,0.163
2024,인천연수서,7,2,1185,1364,65.08103603249323,15.0,24.19790249147733,128.0,인천연수서,37.4103056,126.6807106,인천,4.190881807547644,-0.6148597964982531,2558,인천광역시,2989000,1063,2811.8532455315144,10,298900.0,12.60786434827203,396.4536634325861,456.3399130143861,855.8046169287387,,,False,298900.0,2811.8532455315144,31.2,42.8,0.125,3.4,0.163
2024,인천삼산서,5,2,1091,1590,119.6635862148686,13.0,32.67036642822496,157.0,인천삼산서,37.5110261,126.7323711,인천,4.793006394225739,0.3857833791588949,2688,인천광역시,2989000,1063,2811.8532455315144,10,298900.0,12.60786434827203,365.00501840080295,531.9504851120777,899.2974238875878,,,False,298900.0,2811.8532455315144,31.2,42.8,0.125,3.4,0.163
2024,인천논현서,2,1,426,871,84.42063923352931,15.0,33.83131901986664,170.0,인천논현서,37.4036421,126.7154145,인천,4.447587748802896,-0.2603134827336272,1300,인천광역시,2989000,1063,2811.8532455315144,10,298900.0,12.60786434827203,142.52258280361326,291.40180662428907,434.9280695884911,,,False,298900.0,2811.8532455315144,31.2,42.8,0.125,3.4,0.163
2024,광주동부서,1,0,560,669,300.8896469215418,52.0,164.19554718935424,912.0,광주동부서,35.1492,126.9198514,광주,5.710061543052701,0.8187965485155844,1230,광주광역시,1431000,501,2856.2874251497005,5,286200.0,12.564446146104489,195.66736547868624,233.75262054507337,429.7693920335429,,,False,286200.0,2856.2874251497005,28.4,42.5,0.127,2.8,0.168
2024,광주서부서,4,7,1246,1634,130.29734357836753,18.0,67.40500606223293,303.0,광주서부서,35.1508087,126.8420112,광주,4.877464549408486,-0.8919045064051948,2891,광주광역시,1431000,501,2856.2874251497005,5,286200.0,12.564446146104489,435.3598881900769,570.9294199860238,1010.1327742837176,,,False,286200.0,2856.2874251497005,28.4,42.5,0.127,2.8,0.168
2024,광주북부서,5,3,1878,1437,197.0499112533593,40.0,157.1327276588455,896.0,광주북부서,35.1866434,126.8989923,광주,5.288519075965626,-0.2225091954657563,3323,광주광역시,1431000,501,2856.2874251497005,5,286200.0,12.564446146104489,656.1844863731657,502.09643605870025,1161.076170510133,,,False,286200.0,2856.2874251497005,28.4,42.5,0.127,2.8,0.168
2024,광주광산서,4,7,1657,1814,123.81343380920508,21.0,50.37797993839544,217.0,광주광산서,35.1395,126.7942,광주,4.826820092844232,-0.956925208187994,3482,광주광역시,1431000,501,2856.2874251497005,5,286200.0,12.564446146104489,578.9657582110412,633.8225017470301,1216.6317260656883,,,False,286200.0,2856.2874251497005,28.4,42.5,0.127,2.8,0.168
2024,광주남부서,2,1,758,697,344.1430821708073,84.0,163.3126215137061,1049.0,광주남부서,35.1228351,126.9205298,광주,5.843959061984135,1.2525423615433606,1458,광주광역시,1431000,501,2856.2874251497005,5,286200.0,12.564446146104489,264.84975541579314,243.53598881900768,509.4339622641509,,,False,286200.0,2856.2874251497005,28.4,42.5,0.127,2.8,0.168
2024,대전중부서,0,1,1168,1542,252.82995085099867,58.0,80.12500711848287,444.0,대전중부서,36.326847,127.423574,대전,5.536664557974901,0.2806601412164394,2711,대전광역시,1444000,540,2674.074074074074,6,240666.66666666663,12.391168129206854,485.3185595567867,640.7202216066482,1126.454293628809,,,False,240666.66666666663,2674.074074074074,32.1,42.1,0.131,3.1,0.161
2024,대전동부서,7,5,1024,1253,288.41228802902737,60.0,101.11928847380184,477.0,대전동부서,36.3216751,127.440735,대전,5.667852273658882,1.5683125804404014,2289,대전광역시,1444000,540,2674.074074074074,6,240666.66666666663,12.391168129206854,425.48476454293626,520.6371191135735,951.1080332409972,,,False,240666.66666666663,2674.074074074074,32.1,42.1,0.131,3.1,0.161
2024,대전서부서,5,2,953,1102,218.75056285073447,77.0,90.3669566919174,335.0,대전서부서,36.3086937,127.3729363,대전,5.39249309788503,-0.9526036229439552,2062,대전광역시,1444000,540,2674.074074074074,6,240666.66666666663,12.391168129206854,395.983379501385,457.8947368421053,856.7867036011081,,,False,240666.66666666663,2674.074074074074,32.1,42.1,0.131,3.1,0.161
2024,대전대덕서,2,1,540,809,261.6052107236299,67.0,89.1436848879557,422.0,대전대덕서,36.3715359,127.4293652,대전,5.570651804488395,0.5982189548290244,1352,대전광역시,1444000,540,2674.074074074074,6,240666.66666666663,12.391168129206854,224.37673130193903,336.14958448753464,561.7728531855955,,,False,240666.66666666663,2674.074074074074,32.1,42.1,0.131,3.1,0.161
2024,대전둔산서,5,3,907,1413,218.9177296657289,59.0,88.02675183293067,399.0,대전둔산서,36.3582634,127.3804995,대전,5.393253520348488,-0.9465541957799128,2328,대전광역시,1444000,540,2674.074074074074,6,240666.66666666663,12.391168129206854,376.8698060941828,587.1191135734072,967.3130193905818,,,False,240666.66666666663,2674.074074074074,32.1,42.1,0.131,3.1,0.161
2024,대전유성서,8,6,1093,1225,229.9302394142457,53.0,75.71500563924815,360.0,대전유성서,36.3622,127.3561,대전,5.442115671034736,-0.5480338577620004,2332,대전광역시,1444000,540,2674.074074074074,6,240666.66666666663,12.391168129206854,454.1551246537396,509.00277008310246,968.9750692520776,,,False,240666.66666666663,2674.074074074074,32.1,42.1,0.131,3.1,0.161
2024,울산남부서,3,4,956,1652,178.46910514000945,24.0,77.84296699798989,389.0,울산남부서,35.535256,129.310444,울산,5.190003076902992,-0.3954139778689153,2615,울산광역시,1100000,1062,1035.7815442561205,5,220000.0,12.301382825334498,434.54545454545456,750.9090909090909,1188.6363636363635,,,False,220000.0,1035.7815442561205,58.3,43.8,0.121,3.9,0.155
2024,울산중부서,7,0,531,689,241.8856621691592,11.0,98.43641958083047,468.0,울산중부서,35.569183,129.349743,울산,5.492590806555586,0.5045350789345759,1227,울산광역시,1100000,1062,1035.7815442561205,5,220000.0,12.301382825334498,241.3636363636364,313.1818181818182,557.7272727272727,,,False,220000.0,1035.7815442561205,58.3,43.8,0.121,3.9,0.155
2024,울산울주서,6,2,504,747,236.30484545179127,28.0,103.73035959595047,474.0,울산울주서,35.5694014,129.242581,울산,5.46934558233056,0.4253372956383344,1259,울산광역시,1100000,1062,1035.7815442561205,5,220000.0,12.301382825334498,229.0909090909091,339.5454545454545,572.2727272727273,,,False,220000.0,1035.7815442561205,58.3,43.8,0.121,3.9,0.155
2024,울산동부서,5,5,498,723,97.46196035040676,17.0,53.53202301602076,305.0,울산동부서,35.5085372,129.4287779,울산,4.589670284251765,-1.5449923681658984,1231,울산광역시,1100000,1062,1035.7815442561205,5,220000.0,12.301382825334498,226.3636363636364,328.6363636363636,559.5454545454546,,,False,220000.0,1035.7815442561205,58.3,43.8,0.121,3.9,0.155
2024,울산북부서,2,1,713,706,277.54180001614,46.0,123.08062197670614,651.0,울산북부서,35.596842,129.3704988,울산,5.629568137929548,1.0105339714618995,1422,울산광역시,1100000,1062,1035.7815442561205,5,220000.0,12.301382825334498,324.09090909090907,320.90909090909093,646.3636363636364,,,False,220000.0,1035.7815442561205,58.3,43.8,0.121,3.9,0.155
2024,세종북부서,0,1,312,317,178.18988800745862,52.0,69.41305957459427,322.0,세종북부서,36.6017,127.2611,세종,5.188446070418874,-0.7071067811865455,630,세종특별자치시,388000,465,834.4086021505376,2,194000.0,12.175613438045463,160.82474226804123,163.4020618556701,324.74226804123714,,,False,194000.0,834.4086021505376,35.8,37.2,0.142,2.5,0.108
2024,세종남부서,4,0,804,585,187.60156382436384,22.0,66.31735187629376,362.0,세종남부서,36.4809113,127.2926157,세종,5.239636661916645,0.7071067811865497,1393,세종특별자치시,388000,465,834.4086021505376,2,194000.0,12.175613438045463,414.4329896907216,301.54639175257734,718.0412371134021,,,False,194000.0,834.4086021505376,35.8,37.2,0.142,2.5,0.108
2024,경기수원중부서,4,1,1555,1304,170.43508690126893,62.0,66.61018183229302,330.0,경기수원중부서,37.2979584,126.996391,경기,5.144204692922602,-0.3922827933390735,2864,경기도,13656000,10195,1339.4801373222167,44,310363.63636363635,12.645499909538152,501.0251903925015,420.1523140011716,922.788517867604,,,False,310363.63636363635,1339.4801373222167,36.5,41.5,0.132,3.3,0.152
2024,경기수원남부서,8,2,2053,2530,161.2313444646951,46.0,75.08397574791643,303.0,경기수원남부서,37.2721431,127.054116,경기,5.089023368786692,-0.4693201682699467,4593,경기도,13656000,10195,1339.4801373222167,44,310363.63636363635,12.645499909538152,661.4821323960164,815.1728178090217,1479.8769771528998,,,False,310363.63636363635,1339.4801373222167,36.5,41.5,0.132,3.3,0.152
2024,경기수원서부서,5,4,1429,1407,167.4952593212527,47.0,67.17877383758196,327.0,경기수원서부서,37.26,126.9558,경기,5.126907614804659,-0.4168898052230502,2845,경기도,13656000,10195,1339.4801373222167,44,310363.63636363635,12.645499909538152,460.4276508494435,453.3391915641476,916.6666666666666,,,False,310363.63636363635,1339.4801373222167,36.5,41.5,0.132,3.3,0.152
2024,경기안양동안서,0,0,777,903,320.0965844133364,39.0,99.6033835730714,479.0,경기안양동안서,37.3911901,126.9486879,경기,5.771741963895749,0.8604172877428397,1680,경기도,13656000,10195,1339.4801373222167,44,310363.63636363635,12.645499909538152,250.35149384885764,290.94903339191563,541.3005272407732,,,False,310363.63636363635,1339.4801373222167,36.5,41.5,0.132,3.3,0.152
2024,경기안양만안서,0,0,818,905,278.16049672059404,70.0,100.63170842602614,483.0,경기안양만안서,37.3873454,126.9259468,경기,5.63178687348751,0.5094028897429751,1723,경기도,13656000,10195,1339.4801373222167,44,310363.63636363635,12.645499909538152,263.5618043350908,291.593438781488,555.1552431165788,,,False,310363.63636363635,1339.4801373222167,36.5,41.5,0.132,3.3,0.152
2024,경기군포서,3,1,875,774,258.4668563098092,62.0,99.1879711450689,395.0,경기군포서,37.3605147,126.9359811,경기,5.5586289730993945,0.3445627314557777,1653,경기도,13656000,10195,1339.4801373222167,44,310363.63636363635,12.645499909538152,281.92735793790274,249.3848857644992,532.6010544815466,,,False,310363.63636363635,1339.4801373222167,36.5,41.5,0.132,3.3,0.152
2024,경기성남수정서,6,3,1263,1228,286.7907731431624,43.0,106.50404412951976,515.0,경기성남수정서,37.4420705,127.126709,경기,5.6622337339781215,0.5816402263594888,2500,경기도,13656000,10195,1339.4801373222167,44,310363.63636363635,12.645499909538152,406.9420035149385,395.6649091974224,805.5067369654365,,,False,310363.63636363635,1339.4801373222167,36.5,41.5,0.132,3.3,0.152
2024,경기성남중원서,3,1,897,1324,339.6867085283836,137.0,109.42300904888609,428.0,경기성남중원서,37.4426625,127.1701713,경기,5.830963311661672,1.0243909915696745,2225,경기도,13656000,10195,1339.4801373222167,44,310363.63636363635,12.645499909538152,289.0158172231986,426.5963678968952,716.9009958992384,,,False,310363.63636363635,1339.4801373222167,36.5,41.5,0.132,3.3,0.152
2024,경기분당서,0,2,917,1301,299.00293441393427,47.0,95.23810317460284,468.0,경기분당서,37.3651397,127.1054401,경기,5.703792255988144,0.6838587372550368,2220,경기도,13656000,10195,1339.4801373222167,44,310363.63636363635,12.645499909538152,295.4598711189221,419.1857059168132,715.2899824253076,,,False,310363.63636363635,1339.4801373222167,36.5,41.5,0.132,3.3,0.152
2024,경기부천소사서,3,2,956,853,102.03934739537998,62.0,28.03569153775237,126.0,경기부천소사서,37.4806467,126.7724798,경기,4.635110928828417,-0.9647703726363208,1814,경기도,13656000,10195,1339.4801373222167,44,310363.63636363635,12.645499909538152,308.02577621558294,274.83889865260693,584.4756883421207,,,False,310363.63636363635,1339.4801373222167,36.5,41.5,0.132,3.3,0.152
2024,경기부천원미서,3,1,2117,2288,100.09313159655368,16.0,28.74455873838512,138.0,경기부천원미서,37.5021403,126.7773256,경기,4.616042186988193,-0.9810606325196018,4409,경기도,13656000,10195,1339.4801373222167,44,310363.63636363635,12.645499909538152,682.1031048623316,737.1997656707674,1420.5916813122435,,,False,310363.63636363635,1339.4801373222167,36.5,41.5,0.132,3.3,0.152
2024,경기부천오정서,5,1,588,730,113.06738750042568,23.0,37.0764646105049,143.0,경기부천오정서,37.5145039,126.800308,경기,4.736789392177605,-0.872463219738486,1324,경기도,13656000,10195,1339.4801373222167,44,310363.63636363635,12.645499909538152,189.45518453427067,235.20796719390748,426.5963678968952,,,False,310363.63636363635,1339.4801373222167,36.5,41.5,0.132,3.3,0.152
2024,경기광명서,4,2,873,1093,150.47717909646116,22.0,55.49628388250484,245.0,경기광명서,37.4742112,126.8678172,경기,5.020434980576471,-0.5593349285971224,1972,경기도,13656000,10195,1339.4801373222167,44,310363.63636363635,12.645499909538152,281.2829525483304,352.1675454012888,635.3837141183363,,,False,310363.63636363635,1339.4801373222167,36.5,41.5,0.132,3.3,0.152
2024,경기안산단원서,8,4,1660,2070,117.2096870377128,21.0,44.27876870837221,233.0,경기안산단원서,37.3217659,126.8292412,경기,4.77246005624768,-0.8377912496427254,3742,경기도,13656000,10195,1339.4801373222167,44,310363.63636363635,12.645499909538152,534.8564733450498,666.9595782073814,1205.6824838898654,,,False,310363.63636363635,1339.4801373222167,36.5,41.5,0.132,3.3,0.152
2024,경기안산상록서,4,4,1064,1670,128.2731683774876,19.0,48.035426773065495,221.0,경기안산상록서,37.3003,126.8467,경기,4.861927749761781,-0.7451874457133505,2742,경기도,13656000,10195,1339.4801373222167,44,310363.63636363635,12.645499909538152,342.82366725248977,538.0785002929115,883.4797891036908,,,False,310363.63636363635,1339.4801373222167,36.5,41.5,0.132,3.3,0.152
2024,경기시흥서,12,4,1726,2600,99.16138448771288,25.0,47.163428258522345,286.0,경기시흥서,37.38,126.8028,경기,4.606782730016967,-0.9888595634283254,4342,경기도,13656000,10195,1339.4801373222167,44,310363.63636363635,12.645499909538152,556.1218512009373,837.7270064440539,1399.00410076157,,,False,310363.63636363635,1339.4801373222167,36.5,41.5,0.132,3.3,0.152
2024,경기평택서,11,6,2433,3420,82.25932048536914,14.0,35.830533913044434,183.0,경기평택서,36.9946626,127.0910004,경기,4.42196008037596,-1.1303336051702937,5870,경기도,13656000,10195,1339.4801373222167,44,310363.63636363635,12.645499909538152,783.9191564147628,1101.933216168717,1891.3298183948448,,,False,310363.63636363635,1339.4801373222167,36.5,41.5,0.132,3.3,0.152
2024,경기오산서,3,1,954,1256,125.22033490831038,23.0,54.777734649966185,272.0,경기오산서,37.1498,127.0697,경기,4.838029069522169,-0.7707403420690717,2214,경기도,13656000,10195,1339.4801373222167,44,310363.63636363635,12.645499909538152,307.38137082601054,404.6865846514353,713.3567662565905,,,False,310363.63636363635,1339.4801373222167,36.5,41.5,0.132,3.3,0.152
2024,경기화성서부서,8,3,1395,1669,95.95178112872054,44.0,34.21982158932514,157.0,경기화성서부서,37.1913216,126.8227771,경기,4.574213753141571,-1.0157246586925652,3075,경기도,13656000,10195,1339.4801373222167,44,310363.63636363635,12.645499909538152,449.4727592267135,537.7562975981253,990.7732864674869,,,False,310363.63636363635,1339.4801373222167,36.5,41.5,0.132,3.3,0.152
2024,경기용인동부서,5,1,2204,2349,236.6901577809064,133.0,83.11121197444052,431.0,경기용인동부서,37.2412946,127.1809041,경기,5.4709679674546505,0.1622869125822339,4559,경기도,13656000,10195,1339.4801373222167,44,310363.63636363635,12.645499909538152,710.1347393087287,756.8541300527241,1468.92208553017,,,False,310363.63636363635,1339.4801373222167,36.5,41.5,0.132,3.3,0.152
2024,경기용인서부서,7,0,997,897,122.72703467904834,23.0,50.57701198308399,228.0,경기용인서부서,37.2342,127.0189,경기,4.818077805875882,-0.7916098205340073,1901,경기도,13656000,10195,1339.4801373222167,44,310363.63636363635,12.645499909538152,321.236086701816,289.0158172231986,612.5073227885179,,,False,310363.63636363635,1339.4801373222167,36.5,41.5,0.132,3.3,0.152
2024,경기광주서,4,5,1016,1673,306.89113869893254,89.0,89.8747049059049,341.0,경기광주서,37.4084013,127.2396448,경기,5.729746274714206,0.7498847647348917,2698,경기도,13656000,10195,1339.4801373222167,44,310363.63636363635,12.645499909538152,327.3579379027533,539.04510837727,869.302870533099,,,False,310363.63636363635,1339.4801373222167,36.5,41.5,0.132,3.3,0.152
2024,경기과천서,2,0,328,180,387.304534534356,57.0,104.85117518493506,508.0,경기과천서,37.4293426,126.9899759,경기,5.961789914584336,1.4229628052308088,510,경기도,13656000,10195,1339.4801373222167,44,310363.63636363635,12.645499909538152,105.68248388986528,57.99648506151142,164.32337434094904,,,False,310363.63636363635,1339.4801373222167,36.5,41.5,0.132,3.3,0.152
2024,경기의왕서,1,0,237,363,286.78029983048106,76.0,100.93884086959864,439.0,경기의왕서,37.3449,126.9683,경기,5.662197341208664,0.581552562398729,601,경기도,13656000,10195,1339.4801373222167,44,310363.63636363635,12.645499909538152,76.36203866432338,116.95957820738136,193.6438195664909,,,False,310363.63636363635,1339.4801373222167,36.5,41.5,0.132,3.3,0.152
2024,경기하남서,4,1,877,1039,304.314250692383,30.0,113.58691606829191,435.0,경기하남서,37.539,127.2142,경기,5.721341576320586,0.7283156379494047,1921,경기도,13656000,10195,1339.4801373222167,44,310363.63636363635,12.645499909538152,282.5717633274751,334.76859988283536,618.9513766842414,,,False,310363.63636363635,1339.4801373222167,36.5,41.5,0.132,3.3,0.152
2024,경기이천서,1,1,606,956,165.8869260412873,79.0,64.27476598042294,279.0,경기이천서,37.2719,127.435,경기,5.117316493514957,-0.4303519131379929,1564,경기도,13656000,10195,1339.4801373222167,44,310363.63636363635,12.645499909538152,195.2548330404218,308.02577621558294,503.92501464557705,,,False,310363.63636363635,1339.4801373222167,36.5,41.5,0.132,3.3,0.152
2024,경기김포서,8,3,1964,2058,56.67139838640972,31.0,20.76443385102235,112.0,경기김포서,37.6153,126.7153,경기,4.054761355407032,-1.3445102145250112,4033,경기도,13656000,10195,1339.4801373222167,44,310363.63636363635,12.645499909538152,632.8060925600469,663.0931458699473,1299.443468072642,,,False,310363.63636363635,1339.4801373222167,36.5,41.5,0.132,3.3,0.152
2024,경기안성서,3,0,680,836,157.09102799311196,24.0,82.24235656047331,396.0,경기안성서,37.0003381,127.249115,경기,5.063170993668472,-0.5039755396639071,1519,경기도,13656000,10195,1339.4801373222167,44,310363.63636363635,12.645499909538152,219.0978324545987,269.361452841242,489.4258933801992,,,False,310363.63636363635,1339.4801373222167,36.5,41.5,0.132,3.3,0.152
2024,경기여주서,0,0,298,435,114.37069702014531,51.0,55.21501665597379,266.0,경기여주서,37.2933926,127.6349185,경기,4.748150396527477,-0.8615542286608311,733,경기도,13656000,10195,1339.4801373222167,44,310363.63636363635,12.645499909538152,96.01640304628005,140.15817223198593,236.174575278266,,,False,310363.63636363635,1339.4801373222167,36.5,41.5,0.132,3.3,0.152
2024,경기양평서,2,0,288,482,497.1427784206991,40.0,200.80335226927585,817.0,경기양평서,37.4883054,127.4904171,경기,6.210886739589036,2.3423333802260404,772,경기도,13656000,10195,1339.4801373222167,44,310363.63636363635,12.645499909538152,92.79437609841828,155.30169888693615,248.7404803749268,,,False,310363.63636363635,1339.4801373222167,36.5,41.5,0.132,3.3,0.152
2024,경기화성동탄서,6,4,1501,1816,116.58139486792304,43.0,53.86448756723639,224.0,경기화성동탄서,37.2006,127.0706,경기,4.767130816043077,-0.8430501950971185,3327,경기도,13656000,10195,1339.4801373222167,44,310363.63636363635,12.645499909538152,483.626244874048,585.120093731693,1071.9683655536028,,,False,310363.63636363635,1339.4801373222167,36.5,41.5,0.132,3.3,0.152
2024,경기의정부서,4,2,1476,2130,371.2261703334111,56.0,115.21752288448684,643.0,경기의정부서,37.7442616,127.0442759,경기,5.919501654292521,1.288383314359657,3612,경기도,13656000,10195,1339.4801373222167,44,310363.63636363635,12.645499909538152,475.5711775043937,686.2917398945518,1163.7961335676623,,,False,310363.63636363635,1339.4801373222167,36.5,41.5,0.132,3.3,0.152
2024,경기고양서,8,4,1377,1754,115.89372084546132,31.0,68.7935709433648,370.0,경기고양서,37.6584,126.832,경기,4.761265153138556,-0.8488061798895751,3143,경기도,13656000,10195,1339.4801373222167,44,310363.63636363635,12.645499909538152,443.6731107205624,565.1435266549502,1012.6830697129468,,,False,310363.63636363635,1339.4801373222167,36.5,41.5,0.132,3.3,0.152
2024,경기일산동부서,3,4,817,1195,52.833191919747634,25.0,29.19936569287647,131.0,경기일산동부서,37.6764,126.7806,경기,3.9858902271133982,-1.3766368578629815,2019,경기도,13656000,10195,1339.4801373222167,44,310363.63636363635,12.645499909538152,263.2396016403046,385.0322202694786,650.5272407732865,,,False,310363.63636363635,1339.4801373222167,36.5,41.5,0.132,3.3,0.152
2024,경기일산서부서,0,2,454,822,53.8455156054416,17.0,23.7308358092602,95.0,경기일산서부서,37.6764,126.7506,경기,4.004520425957617,-1.3681634830522844,1278,경기도,13656000,10195,1339.4801373222167,44,310363.63636363635,12.645499909538152,146.28002343292326,264.85061511423555,411.7750439367312,,,False,310363.63636363635,1339.4801373222167,36.5,41.5,0.132,3.3,0.152
2024,경기남양주남부서,5,8,949,1310,338.907706911487,70.0,129.45292718456753,728.0,경기남양주남부서,37.636,127.2164,경기,5.828674130500584,1.017870574462592,2272,경기도,13656000,10195,1339.4801373222167,44,310363.63636363635,12.645499909538152,305.7703573520797,422.0855301698887,732.0445225541887,,,False,310363.63636363635,1339.4801373222167,36.5,41.5,0.132,3.3,0.152
2024,경기남양주북부서,2,1,617,948,364.30804091461977,71.0,136.0646179097034,774.0,경기남양주북부서,37.7003,127.2033,경기,5.900740945370149,1.2304770296576997,1568,경기도,13656000,10195,1339.4801373222167,44,310363.63636363635,12.645499909538152,198.7990626830697,305.4481546572935,505.2138254247217,,,False,310363.63636363635,1339.4801373222167,36.5,41.5,0.132,3.3,0.152
2024,경기파주서,11,6,1420,2067,138.420340472076,35.0,46.407691498379975,189.0,경기파주서,37.7535393,126.778601,경기,4.937493402115779,-0.660253354334116,3504,경기도,13656000,10195,1339.4801373222167,44,310363.63636363635,12.645499909538152,457.527826596368,665.9929701230228,1128.9982425307558,,,False,310363.63636363635,1339.4801373222167,36.5,41.5,0.132,3.3,0.152
2024,경기양주서,2,4,660,1075,288.7996370231672,86.0,105.61869600978272,483.0,경기양주서,37.840955,127.0543368,경기,5.669189777377748,0.5984548646411989,1741,경기도,13656000,10195,1339.4801373222167,44,310363.63636363635,12.645499909538152,212.65377855887525,346.3678968951377,560.95489162273,,,False,310363.63636363635,1339.4801373222167,36.5,41.5,0.132,3.3,0.152
2024,경기동두천서,3,4,359,560,399.61252508826,76.0,118.72225287298376,531.0,경기동두천서,37.9034,127.0604,경기,5.9929946885648695,1.5259834285784253,926,경기도,13656000,10195,1339.4801373222167,44,310363.63636363635,12.645499909538152,115.67076742823669,180.43350908025772,298.35969537199765,,,False,310363.63636363635,1339.4801373222167,36.5,41.5,0.132,3.3,0.152
2024,경기구리서,1,0,571,711,170.88405794358425,51.0,77.23733655168287,358.0,경기구리서,37.5943,127.1295,경기,5.146820167794871,-0.3885248056771734,1283,경기도,13656000,10195,1339.4801373222167,44,310363.63636363635,12.645499909538152,183.97773872290568,229.0861159929701,413.386057410662,,,False,310363.63636363635,1339.4801373222167,36.5,41.5,0.132,3.3,0.152
2024,경기포천서,1,1,411,712,413.3124003913574,107.0,139.59651286658814,628.0,경기포천서,37.8936254,127.2044988,경기,6.026620279582471,1.6406544374103291,1125,경기도,13656000,10195,1339.4801373222167,44,310363.63636363635,12.645499909538152,132.42530755711778,229.4083186877563,362.4780316344464,,,False,310363.63636363635,1339.4801373222167,36.5,41.5,0.132,3.3,0.152
2024,경기가평서,1,0,139,308,430.2826086783879,62.0,178.53042837173538,823.0,경기가평서,37.8255117,127.5150321,경기,6.066763579813647,1.78269886199873,448,경기도,13656000,10195,1339.4801373222167,44,310363.63636363635,12.645499909538152,44.78617457527827,99.23842999414175,144.3468072642062,,,False,310363.63636363635,1339.4801373222167,36.5,41.5,0.132,3.3,0.152
2024,경기연천서,1,0,132,278,275.3721658554631,66.0,135.6120854041649,557.0,경기연천서,38.0982999,127.0737491,경기,5.62174838441843,0.4860639391184092,411,경기도,13656000,10195,1339.4801373222167,44,310363.63636363635,12.645499909538152,42.53075571177504,89.57234915055653,132.42530755711778,,,False,310363.63636363635,1339.4801373222167,36.5,41.5,0.132,3.3,0.152
2024,강원강릉서,5,2,649,1206,325.51278863469724,99.0,219.40513443469936,836.0,강원강릉서,37.7519,128.8761,강원,5.788469116815247,-0.6850004703403788,1862,강원특별자치도,1533000,16828,91.0981697171381,17,90176.4705882353,11.409523813797737,719.6999347684279,1337.3776908023483,2064.840182648402,,,False,90176.4705882353,91.0981697171381,31.2,46.5,0.105,2.8,0.225
2024,강원고성서,0,1,82,139,241.8304204224096,32.0,180.1327771558615,751.0,강원고성서,38.3768188,128.4767023,강원,5.4923633413800745,-1.2958541063434112,222,강원특별자치도,1533000,16828,91.0981697171381,17,90176.4705882353,11.409523813797737,90.93281148075668,154.1422048271363,246.1839530332681,,,False,90176.4705882353,91.0981697171381,31.2,46.5,0.105,2.8,0.225
2024,강원동해서,1,0,188,424,235.1080674460493,32.0,166.91326977836565,808.0,강원동해서,37.5249551,129.1165383,강원,5.464289613122478,-1.344925061740949,613,강원특별자치도,1533000,16828,91.0981697171381,17,90176.4705882353,11.409523813797737,208.4801043705153,470.18917155903455,679.7782126549249,,,False,90176.4705882353,91.0981697171381,31.2,46.5,0.105,2.8,0.225
2024,강원삼척서,1,0,166,296,177.67634446198875,59.0,110.73670251524838,396.0,강원삼척서,37.4462956,129.174107,강원,5.185576037700589,-1.764157661823853,463,강원특별자치도,1533000,16828,91.0981697171381,17,90176.4705882353,11.409523813797737,184.08349641226351,328.2452707110241,513.4377038486627,,,False,90176.4705882353,91.0981697171381,31.2,46.5,0.105,2.8,0.225
2024,강원속초서,0,1,340,735,317.8920848573444,20.0,330.26483855819055,1324.0,강원속초서,38.196668,128.5688848,강원,5.764852753567957,-0.7406290897347149,1076,강원특별자치도,1533000,16828,91.0981697171381,17,90176.4705882353,11.409523813797737,377.0384866275277,815.068493150685,1193.2159165035878,,,False,90176.4705882353,91.0981697171381,31.2,46.5,0.105,2.8,0.225
2024,강원양구서,1,0,59,99,520.7953282922014,201.0,186.7625929300881,861.0,강원양구서,38.1055376,127.9910471,강원,6.257275419600459,0.7404975401255431,159,강원특별자치도,1533000,16828,91.0981697171381,17,90176.4705882353,11.409523813797737,65.4272667971298,109.78473581213306,176.32093933463796,,,False,90176.4705882353,91.0981697171381,31.2,46.5,0.105,2.8,0.225
2024,강원영월서,0,0,68,163,490.95128618068185,209.0,163.09512317782398,805.0,강원영월서,37.1846143,128.4676,강원,6.198379699762431,0.5226458943570809,231,강원특별자치도,1533000,16828,91.0981697171381,17,90176.4705882353,11.409523813797737,75.40769732550554,180.75668623613828,256.16438356164383,,,False,90176.4705882353,91.0981697171381,31.2,46.5,0.105,2.8,0.225
2024,강원원주서,2,3,1125,1493,452.0949293962359,134.0,254.0042580054429,961.0,강원원주서,37.3481613,127.9579836,강원,6.116101660695082,0.2390073294995838,2623,강원특별자치도,1533000,16828,91.0981697171381,17,90176.4705882353,11.409523813797737,1247.5538160469666,1655.6425309849965,2908.7410306588386,,,False,90176.4705882353,91.0981697171381,31.2,46.5,0.105,2.8,0.225
2024,강원인제서,0,0,47,92,602.7634362433139,225.0,185.72571812107688,807.0,강원인제서,38.0706646,128.1727969,강원,6.403182459366462,1.3388376426810291,139,강원특별자치도,1533000,16828,91.0981697171381,17,90176.4705882353,11.409523813797737,52.12002609262883,102.02217873450748,154.1422048271363,,,False,90176.4705882353,91.0981697171381,31.2,46.5,0.105,2.8,0.225
2024,강원정선서,2,0,209,186,683.7345933661271,317.0,219.9506602471312,1027.0,강원정선서,37.3808,128.6608,강원,6.529031308242206,1.9299003336217064,397,강원특별자치도,1533000,16828,91.0981697171381,17,90176.4705882353,11.409523813797737,231.767775603392,206.2622309197652,440.24787997390735,,,False,90176.4705882353,91.0981697171381,31.2,46.5,0.105,2.8,0.225
2024,강원철원서,1,1,83,152,435.7225774229568,153.0,161.61747963672562,764.0,강원철원서,38.1463777,127.3116017,강원,6.07929815923058,0.1194945701638553,237,강원특별자치도,1533000,16828,91.0981697171381,17,90176.4705882353,11.409523813797737,92.04174820613176,168.55838225701237,262.8180039138943,,,False,90176.4705882353,91.0981697171381,31.2,46.5,0.105,2.8,0.225
2024,강원춘천서,3,3,816,1157,404.2182768729438,81.0,161.8661754074815,613.0,강원춘천서,37.8702705,127.7236578,강원,6.004425877164162,-0.1104764135909037,1979,강원특별자치도,1533000,16828,91.0981697171381,17,90176.4705882353,11.409523813797737,904.8923679060664,1283.0397912589692,2194.585779517286,,,False,90176.4705882353,91.0981697171381,31.2,46.5,0.105,2.8,0.225
2024,강원태백서,0,1,119,158,527.0342780056355,590.0,183.0024756987544,958.0,강원태백서,37.1023747,129.0083793,강원,6.269161202064238,0.7860398114391761,278,강원특별자치도,1533000,16828,91.0981697171381,17,90176.4705882353,11.409523813797737,131.9634703196347,175.21200260926287,308.2844096542726,,,False,90176.4705882353,91.0981697171381,31.2,46.5,0.105,2.8,0.225
2024,강원평창서,0,0,83,174,494.6363551117315,305.0,175.98258563442653,797.0,강원평창서,37.369323,128.3893168,강원,6.205842502818685,0.5495456798619917,257,강원특별자치도,1533000,16828,91.0981697171381,17,90176.4705882353,11.409523813797737,92.04174820613176,192.95499021526416,284.99673842139595,,,False,90176.4705882353,91.0981697171381,31.2,46.5,0.105,2.8,0.225
2024,강원홍천서,4,0,179,285,380.2084367872151,139.0,131.7240016854462,670.0,강원홍천서,37.7071837,127.907886,강원,5.943346303715656,-0.2857403124209703,468,강원특별자치도,1533000,16828,91.0981697171381,17,90176.4705882353,11.409523813797737,198.4996738421396,316.04696673189824,518.9823874755382,,,False,90176.4705882353,91.0981697171381,31.2,46.5,0.105,2.8,0.225
2024,강원화천서,0,0,42,97,514.2364575840926,116.0,193.266044768233,955.0,강원화천서,38.1062187,127.7073003,강원,6.244625936230773,0.6926199512652684,139,강원특별자치도,1533000,16828,91.0981697171381,17,90176.4705882353,11.409523813797737,46.57534246575342,107.5668623613829,154.1422048271363,,,False,90176.4705882353,91.0981697171381,31.2,46.5,0.105,2.8,0.225
2024,강원횡성서,1,1,102,137,324.58053182182044,155.0,148.32692402525606,738.0,강원횡성서,37.4918066,127.9947112,강원,5.785609840638765,-0.6918056370200519,241,강원특별자치도,1533000,16828,91.0981697171381,17,90176.4705882353,11.409523813797737,113.1115459882583,151.92433137638616,267.25375081539465,,,False,90176.4705882353,91.0981697171381,31.2,46.5,0.105,2.8,0.225
2024,충북괴산서,0,1,116,232,304.3474554099539,120.0,105.5472482472142,517.0,충북괴산서,36.8104475,127.7915196,충북,5.721450326279104,-0.0828200159170376,349,충청북도,1595000,7407,215.33684352639395,12,132916.66666666666,11.797477644413082,87.27272727272728,174.54545454545456,262.5705329153605,,,False,132916.66666666666,215.33684352639395,42.8,44.2,0.115,2.6,0.193
2024,충북단양서,0,0,39,106,603.584852744918,201.0,240.9162266388205,1090.0,충북단양서,36.9855817,128.3650067,충북,6.40454202868206,2.6290957631093965,145,충청북도,1595000,7407,215.33684352639395,12,132916.66666666666,11.797477644413082,29.341692789968658,79.74921630094045,109.0909090909091,,,False,132916.66666666666,215.33684352639395,42.8,44.2,0.115,2.6,0.193
2024,충북보은서,0,1,75,93,311.37939930879145,157.0,121.50547414381616,727.0,충북보은서,36.4821968,127.7149414,충북,5.744218472477447,-0.0190912180250437,169,충청북도,1595000,7407,215.33684352639395,12,132916.66666666666,11.797477644413082,56.426332288401255,69.96865203761756,127.1473354231975,,,False,132916.66666666666,215.33684352639395,42.8,44.2,0.115,2.6,0.193
2024,충북영동서,1,0,52,98,321.764902653577,126.0,148.85251997306582,680.0,충북영동서,36.177972,127.776105,충북,5.776924202645513,0.0750300737810351,151,충청북도,1595000,7407,215.33684352639395,12,132916.66666666666,11.797477644413082,39.12225705329154,73.73040752351098,113.6050156739812,,,False,132916.66666666666,215.33684352639395,42.8,44.2,0.115,2.6,0.193
2024,충북옥천서,0,0,100,161,380.316216177765,98.0,118.27036520910087,490.0,충북옥천서,36.2987109,127.5683619,충북,5.943628994618432,0.6056663927810472,261,충청북도,1595000,7407,215.33684352639395,12,132916.66666666666,11.797477644413082,75.23510971786834,121.12852664576802,196.3636363636364,,,False,132916.66666666666,215.33684352639395,42.8,44.2,0.115,2.6,0.193
2024,충북음성서,1,1,421,484,329.4859404575178,147.0,87.40921215964808,360.0,충북음성서,36.9265837,127.6897379,충북,5.80056411816757,0.145003962196887,907,충청북도,1595000,7407,215.33684352639395,12,132916.66666666666,11.797477644413082,316.7398119122257,364.1379310344828,682.3824451410659,,,False,132916.66666666666,215.33684352639395,42.8,44.2,0.115,2.6,0.193
2024,충북제천서,3,1,408,411,332.93457352041435,246.0,131.3379509863903,651.0,충북제천서,37.1341119,128.1982283,충북,5.810945086124776,0.1762580851863086,823,충청북도,1595000,7407,215.33684352639395,12,132916.66666666666,11.797477644413082,306.9592476489028,309.2163009404389,619.1849529780565,,,False,132916.66666666666,215.33684352639395,42.8,44.2,0.115,2.6,0.193
2024,충북진천서,3,0,249,438,210.69202905296515,70.0,96.05319742337458,370.0,충북진천서,36.8562802,127.4454003,충북,5.3551325253439375,-0.931596374724411,690,충청북도,1595000,7407,215.33684352639395,12,132916.66666666666,11.797477644413082,187.33542319749216,329.5297805642633,519.1222570532916,,,False,132916.66666666666,215.33684352639395,42.8,44.2,0.115,2.6,0.193
2024,충북청주청원서,1,3,1510,991,214.1615390904641,46.0,115.79882986726705,503.0,충북청주청원서,36.6511983,127.485539,충북,5.371389090616416,-0.9001530487899471,2505,충청북도,1595000,7407,215.33684352639395,12,132916.66666666666,11.797477644413082,1136.050156739812,745.5799373040753,1884.6394984326016,,,False,132916.66666666666,215.33684352639395,42.8,44.2,0.115,2.6,0.193
2024,충북청주흥덕서,8,2,1377,1241,160.18556957977424,58.0,82.76004910453715,380.0,충북청주흥덕서,36.6565007,127.4550551,충북,5.082556307329595,-1.3893241373903296,2628,충청북도,1595000,7407,215.33684352639395,12,132916.66666666666,11.797477644413082,1035.9874608150471,933.667711598746,1977.17868338558,,,False,132916.66666666666,215.33684352639395,42.8,44.2,0.115,2.6,0.193
2024,충북충주서,3,2,609,713,297.73594155462325,105.0,108.24291890214076,553.0,충북충주서,36.991,127.9259,충북,5.699560044580732,-0.1427385585430869,1327,충청북도,1595000,7407,215.33684352639395,12,132916.66666666666,11.797477644413082,458.18181818181824,536.4263322884013,998.3699059561128,,,False,132916.66666666666,215.33684352639395,42.8,44.2,0.115,2.6,0.193
2024,충북청주상당서,4,1,900,881,295.2430615799007,97.0,129.7716764354892,475.0,충북청주상당서,36.6093854,127.5326389,충북,5.691180271347729,-0.1653309236648215,1786,충청북도,1595000,7407,215.33684352639395,12,132916.66666666666,11.797477644413082,677.1159874608152,662.8213166144201,1343.6990595611287,,,False,132916.66666666666,215.33684352639395,42.8,44.2,0.115,2.6,0.193
2024,충남천안서북서,4,7,1978,2181,141.3811618216701,45.0,73.45065437596787,391.0,충남천안서북서,36.8577425,127.1367285,충남,4.958507699648545,-0.3836634193791028,4170,충청남도,2120000,8226,257.7194262095794,15,141333.33333333334,11.858876445545985,1399.5283018867924,1543.1603773584905,2950.471698113208,,,False,141333.33333333334,257.7194262095794,52.4,44.8,0.112,2.4,0.198
2024,충남천안동남서,2,5,970,1106,166.73199407927663,43.0,78.19340448401705,450.0,충남천안동남서,36.7865731,127.1563405,충남,5.122367432262219,-0.0462826630039455,2083,충청남도,2120000,8226,257.7194262095794,15,141333.33333333334,11.858876445545985,686.3207547169811,782.5471698113207,1473.8207547169811,,,False,141333.33333333334,257.7194262095794,52.4,44.8,0.112,2.4,0.198
2024,충남서산서,5,4,349,742,104.12582007364423,43.0,39.40420482670208,206.0,충남서산서,36.7847,126.4503,충남,4.655157919201037,-0.8794749671121181,1100,충청남도,2120000,8226,257.7194262095794,15,141333.33333333334,11.858876445545985,246.9339622641509,525.0,778.3018867924527,,,False,141333.33333333334,257.7194262095794,52.4,44.8,0.112,2.4,0.198
2024,충남아산서,5,5,1188,1522,263.9857098065978,28.0,85.34591921073863,393.0,충남아산서,36.7894,127.0017,충남,5.579675899274082,1.2480153639388598,2720,충청남도,2120000,8226,257.7194262095794,15,141333.33333333334,11.858876445545985,840.566037735849,1076.8867924528302,1924.5283018867924,,,False,141333.33333333334,257.7194262095794,52.4,44.8,0.112,2.4,0.198
2024,충남논산서,1,2,418,518,60.506266939459806,9.0,42.24890139705096,297.0,충남논산서,36.1584308,127.0169865,충남,4.119139071075503,-1.4599844225656702,939,충청남도,2120000,8226,257.7194262095794,15,141333.33333333334,11.858876445545985,295.75471698113205,366.50943396226415,664.3867924528302,,,False,141333.33333333334,257.7194262095794,52.4,44.8,0.112,2.4,0.198
2024,충남공주서,3,0,244,315,241.38593166712528,38.0,102.57482278398676,640.0,충남공주서,36.4467,127.119,충남,5.490531214834032,0.9472469250518808,562,충청남도,2120000,8226,257.7194262095794,15,141333.33333333334,11.858876445545985,172.64150943396226,222.877358490566,397.6415094339623,,,False,141333.33333333334,257.7194262095794,52.4,44.8,0.112,2.4,0.198
2024,충남보령서,2,1,290,345,226.069209599477,12.0,121.21615233143936,450.0,충남보령서,36.3515392,126.5967112,충남,5.425254859115893,0.7434048095796871,638,충청남도,2120000,8226,257.7194262095794,15,141333.33333333334,11.858876445545985,205.188679245283,244.1037735849056,451.4150943396226,,,False,141333.33333333334,257.7194262095794,52.4,44.8,0.112,2.4,0.198
2024,충남당진서,4,0,314,742,122.17539760249348,70.0,44.31181169843501,189.0,충남당진서,36.8941922,126.6402322,충남,4.813609336372806,-0.6392627304070285,1060,충청남도,2120000,8226,257.7194262095794,15,141333.33333333334,11.858876445545985,222.1698113207547,525.0,750.0,,,False,141333.33333333334,257.7194262095794,52.4,44.8,0.112,2.4,0.198
2024,충남홍성서,4,0,203,256,156.0057436661503,55.0,62.03414648385344,277.0,충남홍성서,36.5883744,126.6579422,충남,5.056282388539965,-0.1890326303689844,463,충청남도,2120000,8226,257.7194262095794,15,141333.33333333334,11.858876445545985,143.6320754716981,181.1320754716981,327.5943396226415,,,False,141333.33333333334,257.7194262095794,52.4,44.8,0.112,2.4,0.198
2024,충남예산서,3,3,184,284,182.33387649800767,38.0,74.75629867398621,374.0,충남예산서,36.6804024,126.8472902,충남,5.211308952270423,0.161354500061119,474,충청남도,2120000,8226,257.7194262095794,15,141333.33333333334,11.858876445545985,130.188679245283,200.94339622641508,335.37735849056605,,,False,141333.33333333334,257.7194262095794,52.4,44.8,0.112,2.4,0.198
2024,충남부여서,2,0,148,166,129.85258633066255,16.0,53.533600335522,193.0,충남부여서,36.2753229,126.9026589,충남,4.874071394395358,-0.5370911048909731,316,충청남도,2120000,8226,257.7194262095794,15,141333.33333333334,11.858876445545985,104.71698113207546,117.45283018867924,223.58490566037736,,,False,141333.33333333334,257.7194262095794,52.4,44.8,0.112,2.4,0.198
2024,충남서천서,2,0,81,182,50.41621273055755,7.0,19.56047294453148,115.0,충남서천서,36.0097096,126.6919951,충남,3.939953545499308,-1.5942675926909569,265,충청남도,2120000,8226,257.7194262095794,15,141333.33333333334,11.858876445545985,57.311320754716974,128.77358490566036,187.5,,,False,141333.33333333334,257.7194262095794,52.4,44.8,0.112,2.4,0.198
2024,충남금산서,2,0,96,186,292.8149799228066,167.0,94.16901660558064,393.0,충남금산서,36.1037167,127.5036315,충남,5.682950249243284,1.6316888015094078,284,충청남도,2120000,8226,257.7194262095794,15,141333.33333333334,11.858876445545985,67.92452830188678,131.60377358490567,200.94339622641508,,,False,141333.33333333334,257.7194262095794,52.4,44.8,0.112,2.4,0.198
2024,충남청양서,0,0,67,101,272.27044696490657,115.0,96.3913269616506,517.0,충남청양서,36.4592,126.8022,충남,5.6104619530399376,1.3582725286913466,168,충청남도,2120000,8226,257.7194262095794,15,141333.33333333334,11.858876445545985,47.40566037735849,71.4622641509434,118.86792452830188,,,False,141333.33333333334,257.7194262095794,52.4,44.8,0.112,2.4,0.198
2024,충남태안서,2,2,122,323,143.0898498429628,47.0,43.39533744182998,202.0,충남태안서,36.7456,126.2978,충남,4.970437062238413,-0.3609233984135219,449,충청남도,2120000,8226,257.7194262095794,15,141333.33333333334,11.858876445545985,86.32075471698113,228.53773584905656,317.68867924528297,,,False,141333.33333333334,257.7194262095794,52.4,44.8,0.112,2.4,0.198
2024,전북고창서,0,0,77,187,280.0014167938555,53.0,102.80127192265824,448.0,전북고창서,35.441401,126.6951615,전북,5.638359711292051,0.2435536821899691,264,전북특별자치도,1756000,8069,217.62300161110423,15,117066.66666666669,11.670498852074989,65.7744874715262,159.7380410022779,225.5125284738041,,,False,117066.66666666669,217.62300161110423,28.9,46.8,0.106,2.5,0.228
2024,전북군산서,6,1,747,1089,57.82544369591093,26.0,23.83016036895003,166.0,전북군산서,35.9675,126.7369,전북,4.0745744772269,-1.1739719827969497,1843,전북특별자치도,1756000,8069,217.62300161110423,15,117066.66666666669,11.670498852074989,638.0979498861047,930.239179954442,1574.3166287015945,,,False,117066.66666666669,217.62300161110423,28.9,46.8,0.106,2.5,0.228
2024,전북김제서,2,0,162,292,25.49493256128127,20.0,12.086110791899689,79.0,전북김제서,35.798031,126.8968826,전북,3.276953490603923,-1.3802468947798008,456,전북특별자치도,1756000,8069,217.62300161110423,15,117066.66666666669,11.670498852074989,138.38268792710704,249.43052391799543,389.5216400911161,,,False,117066.66666666669,217.62300161110423,28.9,46.8,0.106,2.5,0.228
2024,전북남원서,1,2,242,309,337.38012292659084,110.0,158.76200387981234,713.0,전북남원서,35.4141793,127.3728919,전북,5.824169887610302,0.6096409212049564,554,전북특별자치도,1756000,8069,217.62300161110423,15,117066.66666666669,11.670498852074989,206.71981776765372,263.9521640091116,473.2346241457858,,,False,117066.66666666669,217.62300161110423,28.9,46.8,0.106,2.5,0.228
2024,전북무주서,0,0,29,74,477.0773214428938,204.0,177.50834607099185,856.0,전북무주서,36.0038834,127.6701917,전북,6.169772479750445,1.5009360574991693,103,전북특별자치도,1756000,8069,217.62300161110423,15,117066.66666666669,11.670498852074989,24.77220956719817,63.21184510250569,87.98405466970387,,,False,117066.66666666669,217.62300161110423,28.9,46.8,0.106,2.5,0.228
2024,전북부안서,0,0,101,157,77.95433349920798,14.0,49.52408468798075,259.0,전북부안서,35.7317623,126.7212646,전북,4.368869628355625,-1.0455457740309435,258,전북특별자치도,1756000,8069,217.62300161110423,15,117066.66666666669,11.670498852074989,86.2756264236902,134.1116173120729,220.3872437357631,,,False,117066.66666666669,217.62300161110423,28.9,46.8,0.106,2.5,0.228
2024,전북순창서,0,0,39,61,282.50515889280484,95.0,113.51189032670472,595.0,전북순창서,35.3772318,127.1366138,전북,5.647230320154991,0.2595280408673779,100,전북특별자치도,1756000,8069,217.62300161110423,15,117066.66666666669,11.670498852074989,33.31435079726651,52.10706150341686,85.42141230068337,,,False,117066.66666666669,217.62300161110423,28.9,46.8,0.106,2.5,0.228
2024,전북완주서,0,0,224,302,226.98381795892428,30.0,121.04697588279672,438.0,전북완주서,35.9273449,127.1672517,전북,5.429274652571309,-0.0947088490665704,526,전북특별자치도,1756000,8069,217.62300161110423,15,117066.66666666669,11.670498852074989,191.3439635535308,257.9726651480637,449.31662870159454,,,False,117066.66666666669,217.62300161110423,28.9,46.8,0.106,2.5,0.228
2024,전북익산서,5,3,1024,1182,47.15417275566401,15.0,22.171203437123744,111.0,전북익산서,35.9538784,126.9398534,전북,3.8744077960814254,-1.2420567546330137,2214,전북특별자치도,1756000,8069,217.62300161110423,15,117066.66666666669,11.670498852074989,874.7152619589978,1009.6810933940776,1891.2300683371293,,,False,117066.66666666669,217.62300161110423,28.9,46.8,0.106,2.5,0.228
2024,전북임실서,0,0,51,52,263.19417640023585,244.0,102.30540094114482,492.0,전북임실서,35.6137978,127.2881258,전북,5.576684349454053,0.1363202388821377,103,전북특별자치도,1756000,8069,217.62300161110423,15,117066.66666666669,11.670498852074989,43.56492027334852,44.41913439635535,87.98405466970387,,,False,117066.66666666669,217.62300161110423,28.9,46.8,0.106,2.5,0.228
2024,전북장수서,0,0,42,60,577.136423039217,416.0,184.815102633026,908.0,전북장수서,35.6469414,127.5165461,전북,6.359809866842025,2.139332471614544,102,전북특별자치도,1756000,8069,217.62300161110423,15,117066.66666666669,11.670498852074989,35.876993166287015,51.25284738041002,87.12984054669704,,,False,117066.66666666669,217.62300161110423,28.9,46.8,0.106,2.5,0.228
2024,전북전주덕진서,2,5,1494,1359,140.35659906073406,40.0,88.08946070001652,344.0,전북전주덕진서,35.8468,127.1197,전북,4.951285769011881,-0.6474072545799814,2860,전북특별자치도,1756000,8069,217.62300161110423,15,117066.66666666669,11.670498852074989,1276.1958997722095,1160.876993166287,2443.052391799544,,,False,117066.66666666669,217.62300161110423,28.9,46.8,0.106,2.5,0.228
2024,전북전주완산서,3,2,1177,1259,250.5261880419606,59.0,124.57243320317473,657.0,전북전주완산서,35.8012,127.1081,전북,5.527547111522334,0.0554960238636471,2441,전북특별자치도,1756000,8069,217.62300161110423,15,117066.66666666669,11.670498852074989,1005.4100227790432,1075.4555808656037,2085.136674259681,,,False,117066.66666666669,217.62300161110423,28.9,46.8,0.106,2.5,0.228
2024,전북정읍서,1,2,444,424,257.0547981094196,42.0,141.31872546606323,562.0,전북정읍서,35.5675486,126.8576,전북,5.553171958141773,0.0971498183683992,871,전북특별자치도,1756000,8069,217.62300161110423,15,117066.66666666669,11.670498852074989,379.27107061503415,362.1867881548975,744.0205011389521,,,False,117066.66666666669,217.62300161110423,28.9,46.8,0.106,2.5,0.228
2024,전북진안서,1,0,47,64,326.7753242709963,297.0,119.50687174573712,624.0,전북진안서,35.7914913,127.4259426,전북,5.792328386694705,0.5419802553970607,112,전북특별자치도,1756000,8069,217.62300161110423,15,117066.66666666669,11.670498852074989,40.148063781321184,54.66970387243736,95.67198177676536,,,False,117066.66666666669,217.62300161110423,28.9,46.8,0.106,2.5,0.228
2024,전남목포서,3,3,963,1212,93.74131014801078,3.0,44.50634578141431,245.0,전남목포서,34.7985011,126.3970888,전남,4.551150126279139,-1.2301561100014289,2181,전라남도,1797000,12335,145.6830158086745,22,81681.81818181818,11.31058671240738,1178.9649415692822,1483.8063439065108,2670.1168614357266,,,False,81681.81818181818,145.6830158086745,35.2,49.2,0.095,2.1,0.258
2024,전남여수서,8,3,713,1304,201.45495096250963,26.0,90.88650423989937,446.0,전남여수서,34.7408602,127.7404743,전남,5.310517397415054,-0.485856797932651,2028,전라남도,1797000,12335,145.6830158086745,22,81681.81818181818,11.31058671240738,872.8992765720647,1596.438508625487,2482.804674457429,,,False,81681.81818181818,145.6830158086745,35.2,49.2,0.095,2.1,0.258
2024,전남순천서,2,1,764,1290,384.0658584949449,29.0,140.1458066692056,492.0,전남순천서,34.9717739,127.4819089,전남,5.953414380684346,0.7759812740597273,2057,전라남도,1797000,12335,145.6830158086745,22,81681.81818181818,11.31058671240738,935.336672231497,1579.2988313856429,2518.3082915971067,,,False,81681.81818181818,145.6830158086745,35.2,49.2,0.095,2.1,0.258
2024,전남나주서,0,1,351,459,117.54779095597684,46.0,49.19173874233179,243.0,전남나주서,35.0159,126.7109,전남,4.775316178478476,-1.0656537577073208,811,전라남도,1797000,12335,145.6830158086745,22,81681.81818181818,11.31058671240738,429.7161936560936,561.9365609348915,992.877017250974,,,False,81681.81818181818,145.6830158086745,35.2,49.2,0.095,2.1,0.258
2024,전남광양서,1,0,400,643,237.722979821012,10.0,122.01532432034358,538.0,전남광양서,34.9632359,127.6018901,전남,5.475303799431676,-0.2352453737402166,1044,전라남도,1797000,12335,145.6830158086745,22,81681.81818181818,11.31058671240738,489.7050639955482,787.2008903728438,1278.130217028381,,,False,81681.81818181818,145.6830158086745,35.2,49.2,0.095,2.1,0.258
2024,전남고흥서,2,0,146,260,204.59666851963377,36.0,69.21270854791729,352.0,전남고흥서,34.6112308,127.2844601,전남,5.32591632975145,-0.4641475863713318,408,전라남도,1797000,12335,145.6830158086745,22,81681.81818181818,11.31058671240738,178.74234835837507,318.3082915971063,499.4991652754592,,,False,81681.81818181818,145.6830158086745,35.2,49.2,0.095,2.1,0.258
2024,전남해남서,0,0,157,270,265.7193422611048,44.0,91.5026283017606,520.0,전남해남서,34.5656663,126.6072349,전남,5.586196952971791,-0.0417910150626998,427,전라남도,1797000,12335,145.6830158086745,22,81681.81818181818,11.31058671240738,192.20923761825264,330.55091819699504,522.7601558152477,,,False,81681.81818181818,145.6830158086745,35.2,49.2,0.095,2.1,0.258
2024,전남무안서,0,0,238,313,140.5306182695643,26.0,50.11495701209103,241.0,전남무안서,34.9869694,126.4768868,전남,4.952516077206242,-0.9068428361792084,551,전라남도,1797000,12335,145.6830158086745,22,81681.81818181818,11.31058671240738,291.37451307735114,383.19421257651646,674.5687256538675,,,False,81681.81818181818,145.6830158086745,35.2,49.2,0.095,2.1,0.258
2024,전남장흥서,0,0,89,150,304.39520263056136,40.0,109.7490965681762,458.0,전남장흥서,34.6789114,126.897836,전남,5.721606684182309,0.2254584813704371,239,전라남도,1797000,12335,145.6830158086745,22,81681.81818181818,11.31058671240738,108.95937673900946,183.63939899833056,292.59877573734,,,False,81681.81818181818,145.6830158086745,35.2,49.2,0.095,2.1,0.258
2024,전남보성서,0,0,115,143,309.93722554222506,151.0,121.44647694010914,573.0,전남보성서,34.7700542,127.0819945,전남,5.739591044674251,0.2637537595676018,258,전라남도,1797000,12335,145.6830158086745,22,81681.81818181818,11.31058671240738,140.7902058987201,175.06956037840845,315.8597662771286,,,False,81681.81818181818,145.6830158086745,35.2,49.2,0.095,2.1,0.258
2024,전남영광서,2,1,135,194,144.04341637281811,40.0,71.27637047194757,335.0,전남영광서,35.2778215,126.5124219,전남,4.977033120863191,-0.8825694647480908,332,전라남도,1797000,12335,145.6830158086745,22,81681.81818181818,11.31058671240738,165.27545909849752,237.5069560378409,406.455203116305,,,False,81681.81818181818,145.6830158086745,35.2,49.2,0.095,2.1,0.258
2024,전남화순서,2,1,139,210,439.5369438452404,79.0,170.12686928792678,962.0,전남화순서,35.0624327,126.9848561,전남,6.087994309839626,1.1592854716871823,352,전라남도,1797000,12335,145.6830158086745,22,81681.81818181818,11.31058671240738,170.172509738453,257.0951585976628,430.9404563160824,,,False,81681.81818181818,145.6830158086745,35.2,49.2,0.095,2.1,0.258
2024,전남함평서,0,0,111,111,159.9845011015982,31.0,56.22968226937279,287.0,전남함평서,35.0653743,126.5154604,전남,5.081308093900851,-0.7724168572645637,222,전라남도,1797000,12335,145.6830158086745,22,81681.81818181818,11.31058671240738,135.8931552587646,135.8931552587646,271.7863105175292,,,False,81681.81818181818,145.6830158086745,35.2,49.2,0.095,2.1,0.258
2024,전남영암서,1,3,135,257,350.69667920896273,34.0,126.84995522898016,540.0,전남영암서,34.7977664,126.699009,전남,5.862769097322658,0.5454008480426625,396,전라남도,1797000,12335,145.6830158086745,22,81681.81818181818,11.31058671240738,165.27545909849752,314.6355036171397,484.8080133555927,,,False,81681.81818181818,145.6830158086745,35.2,49.2,0.095,2.1,0.258
2024,전남장성서,1,0,142,155,312.6262690699582,48.0,129.03468765135966,561.0,전남장성서,35.2997387,126.7823218,전남,5.748202051135022,0.2823350017638582,298,전라남도,1797000,12335,145.6830158086745,22,81681.81818181818,11.31058671240738,173.8452977184196,189.7607122982749,364.83027267668336,,,False,81681.81818181818,145.6830158086745,35.2,49.2,0.095,2.1,0.258
2024,전남강진서,1,0,80,143,368.34181452254825,30.0,107.14814743690958,410.0,전남강진서,34.6422987,126.7679336,전남,5.911722541884167,0.6673284142817417,224,전라남도,1797000,12335,145.6830158086745,22,81681.81818181818,11.31058671240738,97.94101279910964,175.06956037840845,274.234835837507,,,False,81681.81818181818,145.6830158086745,35.2,49.2,0.095,2.1,0.258
2024,전남담양서,0,0,110,141,333.1217492232118,52.0,126.11309619365495,538.0,전남담양서,35.3098133,126.982982,전남,5.811505445188295,0.4239583993505876,251,전라남도,1797000,12335,145.6830158086745,22,81681.81818181818,11.31058671240738,134.66889259877573,172.62103505843072,307.2899276572065,,,False,81681.81818181818,145.6830158086745,35.2,49.2,0.095,2.1,0.258
2024,전남곡성서,0,0,56,87,545.9476440387449,61.0,169.2055871175114,667.0,전남곡성서,35.2838408,127.2990176,전남,6.3043530831038215,1.8945814876038725,143,전라남도,1797000,12335,145.6830158086745,22,81681.81818181818,11.31058671240738,68.55870895937674,106.51085141903172,175.06956037840845,,,False,81681.81818181818,145.6830158086745,35.2,49.2,0.095,2.1,0.258
2024,전남완도서,0,1,164,216,160.78119731304847,23.0,58.80331541654817,240.0,전남완도서,34.3362964,126.7304753,전남,5.086244788434274,-0.7669117008365914,381,전라남도,1797000,12335,145.6830158086745,22,81681.81818181818,11.31058671240738,200.77907623817472,264.44073455759604,466.4440734557596,,,False,81681.81818181818,145.6830158086745,35.2,49.2,0.095,2.1,0.258
2024,전남진도서,0,0,110,155,169.65033333315475,21.0,61.69338760413529,336.0,전남진도서,34.4867,126.2633,전남,5.139616628665515,-0.7056261311678614,265,전라남도,1797000,12335,145.6830158086745,22,81681.81818181818,11.31058671240738,134.66889259877573,189.7607122982749,324.4296048970507,,,False,81681.81818181818,145.6830158086745,35.2,49.2,0.095,2.1,0.258
2024,전남구례서,1,0,75,97,638.5471103808667,45.0,300.6716395708942,1338.0,전남구례서,35.2091306,127.4649716,전남,6.460760285828435,2.5344421271218707,173,전라남도,1797000,12335,145.6830158086745,22,81681.81818181818,11.31058671240738,91.81969949916528,118.75347801892045,211.79744017807457,,,False,81681.81818181818,145.6830158086745,35.2,49.2,0.095,2.1,0.258
2024,전남신안서,0,0,86,121,95.89015457420012,35.0,27.57581449180514,145.0,전남신안서,34.8306,126.1072,전남,4.573577909753263,-1.215307633837579,207,전라남도,1797000,12335,145.6830158086745,22,81681.81818181818,11.31058671240738,105.28658875904286,148.13578185865333,253.4223706176962,,,False,81681.81818181818,145.6830158086745,35.2,49.2,0.095,2.1,0.258
2024,경북경주서,1,2,1053,997,284.8205791934423,44.0,101.61759517944392,526.0,경북경주서,35.8455669,129.2114096,경북,5.655364268478865,0.1832733229145901,2053,경상북도,2567000,19033,134.87101350286343,24,106958.33333333331,11.580194629505332,984.4955200623295,932.1386832878846,1919.4390338917024,,,False,106958.33333333331,134.87101350286343,38.5,47.5,0.102,2.5,0.232
2024,경북포항북부서,3,1,814,853,159.3685846273495,6.0,67.68779247707185,286.0,경북포항북부서,36.0322,129.365,경북,5.077474819812067,-1.255068994466554,1671,경상북도,2567000,19033,134.87101350286343,24,106958.33333333331,11.580194629505332,761.0440202571095,797.5068172964551,1562.290611608882,,,False,106958.33333333331,134.87101350286343,38.5,47.5,0.102,2.5,0.232
2024,경북포항남부서,1,2,1108,909,196.27230367536484,70.0,108.6257732026399,440.0,경북포항남부서,35.9786,129.3928,경북,5.284585026466093,-0.8319575010295929,2020,경상북도,2567000,19033,134.87101350286343,24,106958.33333333331,11.580194629505332,1035.917413322945,849.8636540708999,1888.5858979353327,,,False,106958.33333333331,134.87101350286343,38.5,47.5,0.102,2.5,0.232
2024,경북구미서,5,2,1755,1564,292.9249953437232,64.0,120.6591003748865,548.0,경북구미서,36.1194,128.3444,경북,5.683324616912088,0.276192728037917,3326,경상북도,2567000,19033,134.87101350286343,24,106958.33333333331,11.580194629505332,1640.8258667705493,1462.2516556291391,3109.622126996494,,,False,106958.33333333331,134.87101350286343,38.5,47.5,0.102,2.5,0.232
2024,경북경산서,1,4,920,1111,332.379238204774,68.0,146.3314548574192,577.0,경북경산서,35.8225298,128.7448852,경북,5.809280695446563,0.7285466926246257,2036,경상북도,2567000,19033,134.87101350286343,24,106958.33333333331,11.580194629505332,860.1480327230231,1038.7222438644333,1903.544994156604,,,False,106958.33333333331,134.87101350286343,38.5,47.5,0.102,2.5,0.232
2024,경북안동서,2,2,401,549,217.8956412479347,96.0,77.18508052724673,364.0,경북안동서,36.5617239,128.720201,경북,5.388595092260833,-0.5840398686219287,954,경상북도,2567000,19033,134.87101350286343,24,106958.33333333331,11.580194629505332,374.9123490455785,513.2839890923257,891.9361121932217,,,False,106958.33333333331,134.87101350286343,38.5,47.5,0.102,2.5,0.232
2024,경북김천서,1,1,385,506,236.22402842714897,74.0,118.69417281640256,559.0,경북김천서,36.1269198,128.1825462,경북,5.469004962276133,-0.3738997669807295,893,경상북도,2567000,19033,134.87101350286343,24,106958.33333333331,11.580194629505332,359.9532528243085,473.0814179976626,834.9045578496299,,,False,106958.33333333331,134.87101350286343,38.5,47.5,0.102,2.5,0.232
2024,경북영주서,2,1,198,428,198.7953708027457,187.0,106.64035740928394,629.0,경북영주서,36.8203795,128.6095648,경북,5.297293696790617,-0.8030298284847512,629,경상북도,2567000,19033,134.87101350286343,24,106958.33333333331,11.580194629505332,185.11881573821583,400.1558239189715,588.0794701986755,,,False,106958.33333333331,134.87101350286343,38.5,47.5,0.102,2.5,0.232
2024,경북영천서,6,0,281,431,137.9709739883817,122.0,51.8821722050506,262.0,경북영천서,35.9527247,128.9066744,경북,4.9342650910972425,-1.5003986042453594,718,경상북도,2567000,19033,134.87101350286343,24,106958.33333333331,11.580194629505332,262.71912738605374,402.96065446045975,671.2894429294897,,,False,106958.33333333331,134.87101350286343,38.5,47.5,0.102,2.5,0.232
2024,경북상주서,1,0,357,341,299.5169913982325,60.0,109.28445548911849,600.0,경북상주서,36.415451,128.1638358,경북,5.705504296131242,0.3517718124040491,699,경상북도,2567000,19033,134.87101350286343,24,106958.33333333331,11.580194629505332,333.7748344370861,318.81573821581617,653.5255161667316,,,False,106958.33333333331,134.87101350286343,38.5,47.5,0.102,2.5,0.232
2024,경북문경서,1,0,235,258,249.0945577592828,95.0,103.26430722556756,486.0,경북문경서,36.5882227,128.1802828,경북,5.521839077388051,-0.2263355369377354,494,경상북도,2567000,19033,134.87101350286343,24,106958.33333333331,11.580194629505332,219.71172574990263,241.2154265679782,461.86209583171023,,,False,106958.33333333331,134.87101350286343,38.5,47.5,0.102,2.5,0.232
2024,경북칠곡서,3,1,275,526,350.5707957057819,44.0,152.96646136355542,638.0,경북칠곡서,36.0090593,128.3862327,경북,5.862411101228666,0.9371180036131244,805,경상북도,2567000,19033,134.87101350286343,24,106958.33333333331,11.580194629505332,257.1094663030775,491.78028827425015,752.6295286326451,,,False,106958.33333333331,134.87101350286343,38.5,47.5,0.102,2.5,0.232
2024,경북의성서,1,0,161,141,198.95733299005607,99.0,75.68464724354484,289.0,경북의성서,36.3528,128.6969,경북,5.298104008739158,-0.8011728865634223,303,경상북도,2567000,19033,134.87101350286343,24,106958.33333333331,11.580194629505332,150.52590572652903,131.82703544994158,283.2878846903,,,False,106958.33333333331,134.87101350286343,38.5,47.5,0.102,2.5,0.232
2024,경북청도서,1,1,171,202,555.2471866384006,78.0,165.732728500269,820.0,경북청도서,35.6537562,128.7501768,경북,6.321212775738942,3.283790254345126,375,경상북도,2567000,19033,134.87101350286343,24,106958.33333333331,11.580194629505332,159.87534086482276,188.85858979353333,350.6038176860148,,,False,106958.33333333331,134.87101350286343,38.5,47.5,0.102,2.5,0.232
2024,경북영덕서,3,0,112,183,264.2221960431054,30.0,138.05880781567487,786.0,경북영덕서,36.415,129.3656,경북,5.580567950296258,-0.0528929194575184,298,경상북도,2567000,19033,134.87101350286343,24,106958.33333333331,11.580194629505332,104.71367354888976,171.09466303077522,278.6131671211531,,,False,106958.33333333331,134.87101350286343,38.5,47.5,0.102,2.5,0.232
2024,경북울진서,1,2,111,177,173.2926353583234,9.0,125.3030577117325,470.0,경북울진서,36.984799,129.3978276,경북,5.160735698955873,-1.095425845985799,291,경상북도,2567000,19033,134.87101350286343,24,106958.33333333331,11.580194629505332,103.7787300350604,165.485001947799,272.0685625243475,,,False,106958.33333333331,134.87101350286343,38.5,47.5,0.102,2.5,0.232
2024,경북봉화서,1,0,59,86,230.7023667193056,197.0,144.59748566570713,815.0,경북봉화서,36.8890075,128.7401567,경북,5.445453645970994,-0.4372071677448521,146,경상북도,2567000,19033,134.87101350286343,24,106958.33333333331,11.580194629505332,55.161667315933,80.40514218932606,136.50175301908843,,,False,106958.33333333331,134.87101350286343,38.5,47.5,0.102,2.5,0.232
2024,경북예천서,1,0,115,172,236.109229153417,96.0,135.68589946460642,697.0,경북예천서,36.6572312,128.451646,경북,5.4685209174652805,-0.3752159728647763,288,경상북도,2567000,19033,134.87101350286343,24,106958.33333333331,11.580194629505332,107.51850409037787,160.8102843786521,269.2637319828594,,,False,106958.33333333331,134.87101350286343,38.5,47.5,0.102,2.5,0.232
2024,경북성주서,1,0,146,170,276.83467593379964,35.0,113.93519417313344,550.0,경북성주서,35.9215157,128.292886,경북,5.627026245906262,0.0917127013351176,317,경상북도,2567000,19033,134.87101350286343,24,106958.33333333331,11.580194629505332,136.50175301908843,158.94039735099338,296.3770938839112,,,False,106958.33333333331,134.87101350286343,38.5,47.5,0.102,2.5,0.232
2024,경북청송서,1,0,59,135,360.6924452084633,209.0,129.93218659691138,568.0,경북청송서,36.4378447,129.0530761,경북,5.890794251840452,1.05316555512285,195,경상북도,2567000,19033,134.87101350286343,24,106958.33333333331,11.580194629505332,55.161667315933,126.21737436696532,182.31398519672769,,,False,106958.33333333331,134.87101350286343,38.5,47.5,0.102,2.5,0.232
2024,경북영양서,0,0,40,68,266.97194840347964,242.0,108.37732074508178,498.0,경북영양서,36.6620491,129.1282787,경북,5.590882304896286,-0.0213662371124139,108,경상북도,2567000,19033,134.87101350286343,24,106958.33333333331,11.580194629505332,37.39774055317491,63.57615894039736,100.97389949357226,,,False,106958.33333333331,134.87101350286343,38.5,47.5,0.102,2.5,0.232
2024,경북군위서,0,0,0,0,250.18717150837983,89.0,68.6477482251359,293.0,경북군위서,36.2350493,128.566882,경북,5.526198364453919,-0.2138084137356345,0,경상북도,2567000,19033,134.87101350286343,24,106958.33333333331,11.580194629505332,0.0,0.0,0.0,,,False,106958.33333333331,134.87101350286343,38.5,47.5,0.102,2.5,0.232
2024,경북고령서,0,0,80,113,317.60650004816773,30.0,140.03278188712926,720.0,경북고령서,35.7348004,128.271482,경북,5.763956799176707,0.5591731046818403,193,경상북도,2567000,19033,134.87101350286343,24,106958.33333333331,11.580194629505332,74.79548110634983,105.64861706271914,180.44409816906887,,,False,106958.33333333331,134.87101350286343,38.5,47.5,0.102,2.5,0.232
2024,경북울릉서,0,0,5,25,365.39445085405646,41.0,163.77908809336,948.0,경북울릉서,37.4844,130.9058,경북,5.903710487636316,1.107075369151822,30,경상북도,2567000,19033,134.87101350286343,24,106958.33333333331,11.580194629505332,4.674717569146864,23.37358784573432,28.048305414881185,,,False,106958.33333333331,134.87101350286343,38.5,47.5,0.102,2.5,0.232
2024,경남창원중부서,3,2,1001,1028,500.1316874481982,36.0,154.5467356233892,657.0,경남창원중부서,35.2284859,128.6859968,경남,6.216868915744067,0.7485775762251259,2034,경상남도,3248000,10539,308.1886326975994,23,141217.39130434784,11.858055764334557,708.8362068965516,727.9556650246305,1440.3325123152708,,,False,141217.39130434784,308.1886326975994,33.8,44.8,0.114,2.9,0.195
2024,경남창원서부서,3,2,687,814,454.23152712878345,44.0,141.93930192902442,593.0,경남창원서부서,35.2278,128.5978,경남,6.120806140362759,0.3834932580504445,1506,경상남도,3248000,10539,308.1886326975994,23,141217.39130434784,11.858055764334557,486.4839901477832,576.4162561576354,1066.4408866995072,,,False,141217.39130434784,308.1886326975994,33.8,44.8,0.114,2.9,0.195
2024,경남마산중부서,6,0,626,846,426.1418066616328,16.0,130.41916291394648,577.0,경남마산중부서,35.1921966,128.5640858,경남,6.0571160580058026,0.160071022199791,1478,경상남도,3248000,10539,308.1886326975994,23,141217.39130434784,11.858055764334557,443.28817733990144,599.0763546798029,1046.6133004926107,,,False,141217.39130434784,308.1886326975994,33.8,44.8,0.114,2.9,0.195
2024,경남마산동부서,1,0,767,915,429.9048710705279,29.0,132.44836743069214,504.0,경남마산동부서,35.2382086,128.5902728,경남,6.065887348968499,0.1900019809243029,1683,경상남도,3248000,10539,308.1886326975994,23,141217.39130434784,11.858055764334557,543.134236453202,647.9371921182266,1191.779556650246,,,False,141217.39130434784,308.1886326975994,33.8,44.8,0.114,2.9,0.195
2024,경남진주서,4,1,3045,1406,149.14721004651054,36.0,58.47548816426745,394.0,경남진주서,35.1932373,128.0816881,경남,5.011616213147887,-2.043110464304269,4456,경상남도,3248000,10539,308.1886326975994,23,141217.39130434784,11.858055764334557,2156.25,995.628078817734,3155.418719211822,,,False,141217.39130434784,308.1886326975994,33.8,44.8,0.114,2.9,0.195
2024,경남김해중부서,6,6,1680,1285,312.7881350309916,6.0,122.20538729300112,547.0,경남김해중부서,35.2265764,128.8792892,경남,5.748718028975398,-0.7415303585336225,2977,경상남도,3248000,10539,308.1886326975994,23,141217.39130434784,11.858055764334557,1189.655172413793,909.9445812807882,2108.0972906403936,,,False,141217.39130434784,308.1886326975994,33.8,44.8,0.114,2.9,0.195
2024,경남김해서부서,4,2,784,871,521.0978956429612,44.0,155.30610510401348,752.0,경남김해서부서,35.1899095,128.7978647,경남,6.257855109845199,0.9153402578852122,1661,경상남도,3248000,10539,308.1886326975994,23,141217.39130434784,11.858055764334557,555.1724137931034,616.7795566502463,1176.200738916256,,,False,141217.39130434784,308.1886326975994,33.8,44.8,0.114,2.9,0.195
2024,경남양산서,7,1,1380,1470,587.4497683795516,16.0,186.46387508272807,769.0,경남양산서,35.338154,129.016436,경남,6.377491567712499,1.443095020593636,2858,경상남도,3248000,10539,308.1886326975994,23,141217.39130434784,11.858055764334557,977.2167487684728,1040.9482758620688,2023.830049261084,,,False,141217.39130434784,308.1886326975994,33.8,44.8,0.114,2.9,0.195
2024,경남거제서,3,3,856,1179,297.2851954572332,38.0,97.82362997723754,427.0,경남거제서,34.8986099,128.6866328,경남,5.69805006057819,-0.8648388630051171,2041,경상남도,3248000,10539,308.1886326975994,23,141217.39130434784,11.858055764334557,606.1576354679803,834.8830049261082,1445.2894088669948,,,False,141217.39130434784,308.1886326975994,33.8,44.8,0.114,2.9,0.195
2024,경남진해서,1,1,549,720,440.00205205699217,36.0,137.00271286295458,584.0,경남진해서,35.1561489,128.7044897,경남,6.089049528626479,0.2703137360527578,1271,경상남도,3248000,10539,308.1886326975994,23,141217.39130434784,11.858055764334557,388.7623152709359,509.85221674876846,900.0307881773398,,,False,141217.39130434784,308.1886326975994,33.8,44.8,0.114,2.9,0.195
2024,경남통영서,5,3,423,769,213.5369368616864,7.0,76.82453676904922,464.0,경남통영서,34.8829755,128.4197268,경남,5.368481923364766,-1.5309623727031758,1200,경상남도,3248000,10539,308.1886326975994,23,141217.39130434784,11.858055764334557,299.53817733990144,544.5504926108373,849.7536945812807,,,False,141217.39130434784,308.1886326975994,33.8,44.8,0.114,2.9,0.195
2024,경남사천서,4,2,267,496,295.18795278277867,20.0,119.10705851673043,463.0,경남사천서,34.933162,128.0808055,경남,5.690994228429838,-0.8815200773303364,769,경상남도,3248000,10539,308.1886326975994,23,141217.39130434784,11.858055764334557,189.07019704433492,351.231527093596,544.5504926108373,,,False,141217.39130434784,308.1886326975994,33.8,44.8,0.114,2.9,0.195
2024,경남밀양서,1,0,246,493,401.58001366886026,7.0,130.9432605331135,581.0,경남밀양서,35.4691678,128.7609348,경남,5.997893868826038,-0.035290505636118,740,경상남도,3248000,10539,308.1886326975994,23,141217.39130434784,11.858055764334557,174.19950738916256,349.10714285714283,524.0147783251231,,,False,141217.39130434784,308.1886326975994,33.8,44.8,0.114,2.9,0.195
2024,경남거창서,1,1,128,223,502.70982495773904,204.0,155.19981368336929,643.0,경남거창서,35.6861403,127.9090204,경남,6.2220003581356025,0.769083769848009,353,경상남도,3248000,10539,308.1886326975994,23,141217.39130434784,11.858055764334557,90.64039408866996,157.91256157635468,249.96921182266007,,,False,141217.39130434784,308.1886326975994,33.8,44.8,0.114,2.9,0.195
2024,경남합천서,0,0,100,150,350.2817280671783,38.0,134.3643618694642,523.0,경남합천서,35.5656,128.1658,경남,5.8615885455854135,-0.4433108587697984,250,경상남도,3248000,10539,308.1886326975994,23,141217.39130434784,11.858055764334557,70.8128078817734,106.21921182266009,177.03201970443348,,,False,141217.39130434784,308.1886326975994,33.8,44.8,0.114,2.9,0.195
2024,경남창녕서,3,1,156,223,320.3076357785722,94.0,136.2772229005327,614.0,경남창녕서,35.5405904,128.5007471,경남,5.772399031101086,-0.6817211599526039,383,경상남도,3248000,10539,308.1886326975994,23,141217.39130434784,11.858055764334557,110.46798029556648,157.91256157635468,271.2130541871921,,,False,141217.39130434784,308.1886326975994,33.8,44.8,0.114,2.9,0.195
2024,경남고성서,2,0,127,174,330.5307432323085,16.0,103.96902567130164,435.0,경남고성서,34.9758601,128.332299,경남,5.803720545091488,-0.6004078009490376,303,경상남도,3248000,10539,308.1886326975994,23,141217.39130434784,11.858055764334557,89.93226600985221,123.2142857142857,214.56280788177332,,,False,141217.39130434784,308.1886326975994,33.8,44.8,0.114,2.9,0.195
2024,경남하동서,1,1,95,159,503.909656676024,15.0,192.44212387364635,915.0,경남하동서,35.0678509,127.7485318,경남,6.224379515600023,0.7786270860749271,256,경상남도,3248000,10539,308.1886326975994,23,141217.39130434784,11.858055764334557,67.27216748768473,112.5923645320197,181.2807881773399,,,False,141217.39130434784,308.1886326975994,33.8,44.8,0.114,2.9,0.195
2024,경남남해서,1,0,65,116,460.321649620041,33.0,140.2792140251618,583.0,경남남해서,34.8393689,127.8932652,경남,6.134095521220679,0.4319333550315568,182,경상남도,3248000,10539,308.1886326975994,23,141217.39130434784,11.858055764334557,46.02832512315271,82.14285714285714,128.87931034482756,,,False,141217.39130434784,308.1886326975994,33.8,44.8,0.114,2.9,0.195
2024,경남함양서,0,0,63,110,586.0556642452967,172.0,231.8062222549612,955.0,경남함양서,35.5195811,127.7251531,경남,6.375119643688725,1.4320064850901189,173,경상남도,3248000,10539,308.1886326975994,23,141217.39130434784,11.858055764334557,44.61206896551724,77.89408866995073,122.50615763546796,,,False,141217.39130434784,308.1886326975994,33.8,44.8,0.114,2.9,0.195
2024,경남산청서,1,0,45,98,650.9870390456297,104.0,246.25620454042016,1038.0,경남산청서,35.4164159,127.874492,경남,6.480024682964696,1.9484627791893223,144,경상남도,3248000,10539,308.1886326975994,23,141217.39130434784,11.858055764334557,31.86576354679803,69.39655172413792,101.9704433497537,,,False,141217.39130434784,308.1886326975994,33.8,44.8,0.114,2.9,0.195
2024,경남함안서,0,2,89,192,286.6405082768346,18.0,120.97667372695742,506.0,경남함안서,35.2784658,128.4106453,경남,5.661711465291676,-0.9495054161150592,283,경상남도,3248000,10539,308.1886326975994,23,141217.39130434784,11.858055764334557,63.02339901477832,135.96059113300493,200.4002463054187,,,False,141217.39130434784,308.1886326975994,33.8,44.8,0.114,2.9,0.195
2024,경남의령서,0,0,40,126,318.1593393237334,25.0,129.72165810306694,571.0,경남의령서,35.3211789,128.2615195,경남,5.7656904743907305,-0.6988084498660593,166,경상남도,3248000,10539,308.1886326975994,23,141217.39130434784,11.858055764334557,28.32512315270936,89.22413793103448,117.54926108374384,,,False,141217.39130434784,308.1886326975994,33.8,44.8,0.114,2.9,0.195
2024,제주서귀포서,4,5,791,1230,370.5862566321068,141.0,369.4925812055227,1486.0,제주서귀포서,33.256078,126.5085446,제주,5.917781021950329,1.1501865272314458,2030,제주특별자치도,676000,1850,365.4054054054054,3,225333.3333333333,12.325336066356993,351.03550295857985,545.8579881656805,900.8875739644968,,,False,225333.3333333333,365.4054054054054,28.5,42.5,0.118,2.2,0.175
2024,제주동부서,5,2,1065,1775,212.51243864151616,65.0,227.45701862293728,766.0,제주동부서,33.5028151,126.5360159,제주,5.363695091587596,-0.663429068539038,2847,제주특별자치도,676000,1850,365.4054054054054,3,225333.3333333333,12.325336066356993,472.6331360946745,787.7218934911242,1263.4615384615386,,,False,225333.3333333333,365.4054054054054,28.5,42.5,0.118,2.2,0.175
2024,제주서부서,4,4,1192,1529,227.91104679427443,50.0,279.9556701686252,1372.0,제주서부서,33.4737656,126.4058286,제주,5.433333486144725,-0.4867574586924074,2729,제주특별자치도,676000,1850,365.4054054054054,3,225333.3333333333,12.325336066356993,528.9940828402366,678.5502958579881,1211.094674556213,,,False,225333.3333333333,365.4054054054054,28.5,42.5,0.118,2.2,0.175
